pos	codon	Rep1_Calu3_CoV44-62	Rep1_Calu3_CoV44-79	Rep1_Calu3_noAb	Rep1_E6_CoV44-62	Rep1_E6_CoV44-79	Rep1_E6_noAb	Rep1_P0	Rep1_ipt	Rep2_Calu3_CoV44-62	Rep2_Calu3_CoV44-79	Rep2_Calu3_noAb	Rep2_E6_CoV44-62	Rep2_E6_CoV44-79	Rep2_E6_noAb	Rep2_P0	Rep2_ipt
808	AAG	0	0	0	0	0	0	1	208	0	0	0	0	0	0	1	468
808	AAT	2	2	0	0	1	0	15	322	442	1	0	9	28	0	191	347
808	ACG	0	0	0	0	0	0	1	456	0	0	0	0	0	0	11	596
808	ACT	0	0	0	0	0	0	10	597	2	0	0	0	1	0	114	1897
808	AGG	0	0	0	0	2	0	34	889	0	0	0	0	0	0	0	524
808	AGT	11	2	1	12	25	7	447	2241	3	0	0	1	18	0	37	605
808	ATG	1	2	0	0	0	0	89	859	4	0	4	4	4	0	86	518
808	ATT	14	4	0	0	2	0	271	341	0	0	0	0	0	0	4	233
808	CAG	6	0	1	0	5	2	99	736	0	0	1	0	0	0	0	161
808	CAT	560	631	63	115	644	65	4059	883	17	6	3	1	5	3	331	507
808	CCG	8	0	0	2	0	2	148	330	0	0	0	0	0	0	1	247
808	CCT	0	1	0	0	0	0	4	354	0	0	0	0	0	0	1	85
808	CGG	0	14	0	7	49	3	331	2167	2	0	0	0	0	0	26	963
808	CGT	29	2	5	4	4	6	391	748	0	8	0	0	7	1	102	604
808	CTG	0	0	1	0	0	0	1	303	0	0	0	0	0	0	1	160
808	CTT	12	0	0	0	0	0	124	1731	0	0	0	1	0	0	7	559
808	GAG	0	0	0	0	0	0	8	515	193	4	2	13	1	0	295	620
808	GAT	31	19	13	8	8	0	74	2480	5292	2289	6089	166	252	30	4226	1133
808	GCG	6	3	0	0	0	0	11	1164	2	1	0	0	0	0	110	805
808	GCT	1	0	0	0	1	0	15	184	0	0	2	0	0	0	10	243
808	GGG	0	0	0	0	0	0	38	1330	2	0	0	0	0	0	24	802
808	GGT	1	171	0	2	0	0	228	961	0	3	1	2	0	0	89	1068
808	GTG	1	1	9	2	1	0	168	1726	4	3	0	1	8	0	376	1404
808	GTT	1	0	0	0	0	0	18	1085	4	0	2	7	2	0	82	1478
808	TAG	1	3	0	1	0	0	13	892	0	0	0	0	0	0	10	1976
808	TAT	1	1	0	0	2	0	8	898	18	3	3	0	1	0	63	1617
808	TCG	118	151	0	47	51	13	1029	344	1	0	0	0	0	0	8	501
808	TCT	0	0	0	0	0	0	28	205	14	168	0	0	28	1	502	421
808	TGG	1	0	0	0	0	0	3	724	0	0	0	0	0	0	0	1633
808	TGT	0	0	0	0	0	0	39	1833	0	2	0	0	0	1	82	1280
808	TTG	0	1	0	0	0	0	37	435	15	0	1	0	0	0	227	1302
808	TTT	0	0	0	0	0	0	1	540	0	1	0	0	0	0	2	350
809	AGG	4	15	0	12	14	4	219	597	0	3	0	0	7	0	87	1014
809	ATG	25	20	115	46	114	8	486	961	89	4640	1581	77	184	22	2782	973
809	ATT	88	281	6	66	193	9	2282	864	1	11	5	0	2	0	57	348
809	CAG	18	16	17	2	11	0	12	553	7843	7770	9231	563	1571	138	16707	874
809	CCG	417	2384	6326	705	729	87	4627	432	152	413	113	4	56	1	313	996
809	CGT	62	21	12	21	42	11	546	1503	71	216	949	16	225	17	2571	1609
809	GAG	1999	2282	4061	54	31	14	1735	2153	4	5989	4763	24	21	2	715	933
809	GAT	5	8	25	1	0	0	22	508	3	15	346	0	6	0	178	426
809	GGG	827	487	132	69	264	36	3712	2273	67	29	12	12	80	10	2422	818
809	GGT	252	1634	972	144	422	48	5527	5473	7	13	0	5	19	1	329	1861
809	GTG	15	641	32	79	39	9	695	1780	3	5	6	17	2	0	85	1315
809	TCG	8547	2674	2424	553	559	117	9727	1570	8	25	2	2	6	0	56	528
809	TCT	17	16	18	4	9	0	89	656	2850	6509	1521	496	2241	262	3820	664
809	TGG	2	2	4	0	2	0	9	962	85	643	24	70	45	16	2303	2578
809	CGG	10	141	0	0	0	2	113	699	1	48	16	9	28	6	116	982
809	AAG	8	2	0	17	36	3	129	713	23	12	291	19	66	4	629	1627
809	ACG	350	564	933	225	196	22	2147	2281	1423	23	11	10	5	3	105	487
809	AAT	1	2	0	1	0	0	3	397	55	14	3	69	98	8	1149	1120
809	ACT	6	3	6	1	2	0	37	373	1	4	0	2	0	0	73	404
809	AGT	504	568	232	38	145	21	1292	1013	1	2	0	0	0	0	1	144
809	CAT	4	2	0	1	1	0	7	1353	49	37	1903	25	76	9	1112	881
809	CCT	17	13	50	6	7	4	214	740	30	1302	340	8	15	5	105	473
809	CTG	1	4	1	2	3	0	12	391	9	58	22	1	3	0	77	618
809	CTT	7	9	2	5	4	0	171	449	2	5	8	0	5	0	8	301
809	GCG	34	23	45	23	7	0	128	619	22	2586	92	10	26	2	555	1051
809	GCT	4	10	15	1	3	0	57	438	0	9	8	1	0	0	22	421
809	GTT	23	12	201	4	1	2	305	798	17	5	1	9	110	1	273	1569
809	TAG	8	11	5	0	0	0	6	778	15	10	24	0	0	0	12	771
809	TAT	20	14	129	62	24	12	729	1017	0	3	4	0	0	0	3	322
809	TGT	0	6	1	0	0	0	11	490	16	11	3	0	0	0	401	1271
809	TTG	0	4	1	0	0	0	13	638	0	3	1	0	0	0	8	549
809	TTT	870	678	393	410	428	95	7493	2765	17	10	352	1	45	6	372	1022
810	AAT	1750	107	1013	268	188	18	1064	768	3	7	1	1	1	0	1	309
810	ACT	1229	50	419	236	70	11	1730	733	154	4068	5404	177	327	27	3307	885
810	AGG	5170	5346	7083	4540	6863	1325	26742	614	26	890	6	24	42	9	397	873
810	AGT	731	1069	7375	301	289	50	3249	971	3	11	6	1	4	0	33	243
810	ATG	25	36	12	14	33	0	66	493	758	6	2	0	0	1	197	1080
810	GAG	5643	1422	4649	286	99	46	4278	526	57	189	184	24	44	8	1192	2743
810	GGG	5	2	3	3	5	1	20	1739	4731	2204	4172	222	274	30	4426	1487
810	GGT	855	2169	3352	266	184	85	3527	1998	763	665	903	50	25	1	986	542
810	GTG	3	0	1	0	0	0	4	446	51	8	14	3	4	3	62	1411
810	GTT	2076	282	1204	71	156	10	1680	2055	14	11	9	0	3	1	143	1415
810	TAG	39	18	29	5	2	0	42	622	7	8	3	0	2	0	14	915
810	TCG	3950	1924	1702	749	240	66	2884	1169	5092	26	58	14	101	3	505	605
810	TTT	3499	582	733	336	208	92	7731	1369	50	292	32	15	5	5	987	1087
810	TCT	78	32	48	16	11	0	137	234	66	13	62	5	52	3	261	1785
810	GCT	1700	39	39	76	71	22	890	522	1039	21	1240	45	12	6	675	951
810	CGG	107	231	741	399	607	75	2090	2010	3	0	0	0	0	0	5	449
810	CGT	1	6	42	4	5	0	33	219	11	0	1	0	0	4	90	636
810	TAT	10	9	7	0	0	0	14	604	23	18	4	2	2	5	346	400
810	TGG	66	500	57	16	39	4	708	1945	70	18	50	3	11	1	338	837
810	TGT	10	32	51	4	1	1	56	324	177	200	36	25	44	6	2727	531
810	TTG	6	16	3	2	2	1	45	814	1352	372	1188	90	61	5	2224	1393
810	ACG	93	81	73	67	94	0	261	388	667	135	597	41	42	8	952	502
810	CAG	497	7	2	46	79	9	646	301	0	2	0	0	1	1	20	381
810	CTG	184	102	637	109	16	10	769	291	0	0	12	3	2	0	174	715
810	AAG	14	19	0	12	11	0	11	580	1	15	1	3	34	3	80	539
810	ATT	45	13	17	41	78	2	724	907	5	1	2	0	2	0	23	681
810	CAT	10	1	7	1	2	0	22	363	1	0	0	42	18	0	111	225
810	CCG	7	6	6	5	3	0	24	680	3	1	3	0	0	0	8	939
810	CCT	2	0	6	3	1	0	18	330	1	1	24	1	0	0	21	403
810	CTT	5	3	9	1	0	0	20	168	9	2	1	0	2	0	87	662
810	GAT	59	20	32	3	6	0	30	458	6	14	3	1	1	0	147	1005
810	GCG	33	6	62	29	10	6	174	1265	102	39	53	1	7	0	86	1186
811	ATG	10	7	3	1	0	0	84	1241	6	2	1	0	0	0	21	1895
811	GAG	9	10	0	0	1	0	27	1242	0	4	2	1	1	0	25	2289
811	GGG	0	0	1	0	0	0	3	1698	22	190	73	20	32	3	617	901
811	GTG	465	262	111	19	23	3	1449	2320	30	30	0	20	5	3	1213	858
811	GTT	40	80	0	2	15	3	958	3151	0	4	0	0	0	0	13	682
811	TTG	566	490	1462	132	25	12	4233	1674	877	23	2	3	4	2	1485	1442
811	AAT	6	0	1	10	0	0	109	936	21	4	5	12	2	4	361	955
811	ACT	19	15	10	1	30	0	177	597	10	5	0	0	0	0	39	349
811	TGT	0	0	0	0	0	0	5	1020	0	0	1	0	0	0	14	623
811	AAG	210	101	7	94	59	8	498	1760	10	2412	10	1	23	0	266	1111
811	ACG	2	4	2	0	0	0	45	306	126	336	199	29	24	1	1369	727
811	CAG	12	1	17	1	3	0	7	862	1	0	3	0	0	0	1	239
811	CGG	1058	34	2665	119	218	45	1509	1069	0	1	3	1	1	0	2	334
811	CTG	2	0	1	0	2	0	108	856	19	4	12	7	0	0	290	737
811	CTT	0	8	0	1	0	0	134	517	1	0	0	0	0	0	1	385
811	GAT	0	6	1	0	0	0	6	1090	2	0	11	0	0	0	23	1374
811	GCT	194	761	305	6	9	8	915	815	763	8	3	7	0	1	779	2402
811	GGT	2	1	0	0	1	0	55	1311	57	27	1858	12	6	1	1103	1067
811	TAT	5	3	7	0	0	0	141	1634	6	2	0	0	0	0	46	1194
811	TCG	8	1	3	0	0	1	54	729	1	1	6	2	0	0	161	2103
811	TCT	1591	553	1155	49	48	5	1644	1714	14	3	1	1	3	0	183	678
811	TGG	0	0	1	0	0	0	7	598	1	1	0	0	1	0	2	664
811	TTT	0	0	1	0	0	0	3	539	0	0	0	0	0	0	15	965
811	AGG	13	0	28	50	1	4	141	1163	1	2	2	0	0	0	58	1858
811	AGT	0	0	0	0	0	0	4	299	0	0	31	0	0	0	15	429
811	ATT	1	3	4	6	1	1	420	1058	0	0	0	0	0	0	7	1371
811	CCG	0	1	0	0	0	0	2	109	0	0	0	0	0	0	6	536
811	GCG	63	602	9	20	19	2	1732	1197	2	2	1	0	0	0	1	250
811	TAG	3	2	3	0	0	0	6	779	3	0	1	0	0	0	8	1117
811	CAT	0	0	0	0	0	0	0	419	0	0	8	0	0	0	46	511
811	CGT	0	0	0	0	0	0	1	467	6	14	1158	0	21	0	245	772
811	CCT	0	0	0	0	0	0	2	575	1	0	0	0	0	0	0	283
812	AAG	1	4	0	0	1	0	0	242	2277	243	0	2	77	7	284	432
812	ACT	1	0	3	2	1	0	6	282	10	1044	1	17	358	22	725	372
812	ATT	134	119	537	510	212	93	4320	1491	2	1	0	0	2	0	0	385
812	CCG	1461	1845	2909	508	775	49	2933	1038	28	23	16	9	16	0	73	361
812	CGG	2456	3105	1602	1764	2707	9529	6886	715	6098	4150	6824	1910	5255	8820	17996	1130
812	CGT	2760	3928	2512	2014	3726	12553	10260	498	14860	25647	23877	3357	12792	21053	45862	1824
812	CTG	2	6	2	5	5	7	16	318	1137	1174	938	422	231	150	4949	188
812	GGG	7	36	1	33	19	4	194	706	2770	41	30	11	4	5	539	1208
812	GTT	1	2	1	0	1	0	6	393	655	670	16	108	107	32	2448	1142
812	TCT	3	0	0	1	0	2	52	218	2	1	0	0	0	0	4	596
812	TTG	707	247	79	96	60	107	1345	1407	1170	486	223	112	91	9	922	2044
812	GAG	13	1	43	1295	17	0	339	337	3	3	0	2	1	0	1	254
812	GAT	0	0	0	2	0	0	6	466	1	1	0	0	0	0	1	289
812	GTG	641	160	86	84	24	15	349	527	1135	1521	915	307	220	73	6448	342
812	CAT	49	9	436	84	29	10	627	723	9	274	13	1	1	3	65	440
812	CTT	8	355	12	160	5	7	295	568	10	21	51	2	5	0	119	176
812	GGT	1	0	1	0	4	2	1	389	1500	474	2	29	57	11	1228	601
812	TGG	2	1	0	2	0	2	156	367	6	0	0	0	0	8	2	29
812	AAT	0	1	0	1	0	0	33	350	2	0	0	0	0	0	2	198
812	CCT	20	20	27	7	27	1	53	305	49	94	76	27	49	5	468	977
812	TGT	11	1	0	1	1	5	167	810	14	5	4	0	11	7	28	747
812	ACG	1	0	233	0	0	0	79	778	9	2	0	0	0	0	27	432
812	AGT	12	4	1	24	103	4	497	215	2	0	1	0	2	3	4	129
812	CAG	0	3	1	3	5	7	88	544	36	21	367	109	64	18	744	504
812	GCG	3	2	1	9	1	0	3	256	9	15	4	16	4	1	172	493
812	TTT	4	103	111	28	2	8	182	369	43	4	1	0	2	2	217	1565
812	GCT	1	0	1	0	1	0	0	797	4	5	2	1	0	0	13	372
812	TAG	0	0	0	1	0	0	1	431	2	0	0	0	0	0	0	906
812	AGG	1	0	0	0	3	2	1	410	3	0	0	1	0	0	8	19
812	ATG	1	0	0	0	0	0	0	95	0	1	0	0	0	0	10	139
812	TAT	0	0	0	0	0	0	1	234	11	2	0	1	6	0	77	590
812	TCG	2	2	0	0	0	0	0	397	175	18	0	3	8	3	440	339
813	AAG	3441	4015	1224	1052	5838	434	7403	1785	852	4798	1	47	376	50	904	527
813	ACT	4131	5173	5517	1173	657	158	7158	1127	16	10	11	4	3	0	6	197
813	AGG	127	3062	84	133	652	20	1643	811	69	66	31	17	73	0	247	442
813	AGT	56	49	45	35	78	0	83	521	31948	18192	58128	1710	1991	248	24194	2521
813	ATT	38	96	14	335	497	67	667	729	98	198	373	308	611	5	654	357
813	CTG	4840	4414	1683	18664	45203	9148	14896	1528	918	154	514	888	1503	216	1182	608
813	CTT	61	156	11	894	1186	523	821	307	7279	20402	29681	47509	88970	12121	50555	780
813	GTG	2562	505	920	2882	5068	632	8516	734	2682	3164	2807	1551	8925	803	22968	1141
813	GTT	16	29	41	12	56	8	156	1028	38	1267	126	59	148	22	1088	2066
813	TAT	817	810	988	3969	6241	738	2322	638	1468	2461	3115	27716	123927	4303	10982	363
813	TGG	3280	2345	4308	14695	36019	10894	40034	1336	748	204	909	931	3209	219	2132	521
813	TGT	87	45	18	215	374	19	1381	1807	2758	1988	2438	661	1437	147	9617	1037
813	TTG	3478	4909	3962	15984	69484	7455	12887	484	79	69	9	50	142	2	91	307
813	CAT	3	7	4	4	11	0	2	348	2235	4810	1135	405	1227	46	4100	1068
813	AAT	10	12	6	9	22	0	29	770	43	57	19	210	286	3	120	342
813	ATG	157	811	253	407	1406	129	877	423	67	323	29	28	266	31	415	535
813	CAG	414	41	708	82	82	10	337	205	0	6	0	2	9	0	1	342
813	CGG	28	22	28	68	183	15	785	836	1127	102	2	33	246	10	1387	1351
813	GGG	919	72	1226	338	227	34	866	1512	39	418	11	13	43	2	275	994
813	TCG	841	4	384	68	41	10	294	555	9	28	1151	12	7	6	283	744
813	TTT	751	152	48	3485	11325	1284	2114	280	27	44	32	72	284	2	42	354
813	GAT	1	2	0	13	11	0	38	1012	1	5	2	30	113	0	5	507
813	GCG	4	0	0	0	0	0	2	470	61	13	2875	62	235	4	532	791
813	GCT	5	20	1	62	37	2	288	607	59	11	5	131	71	21	925	1001
813	ACG	45	7	4	35	15	6	322	760	1	0	36	2	2	0	5	335
813	TAG	10	6	4	21	95	2	16	182	3	3	1	20	86	0	2	746
813	TCT	8	5	6	0	4	0	13	512	196	354	860	20	41	12	410	516
813	CGT	28	38	94	9	159	13	420	317	57	97	70	108	204	0	143	721
813	GGT	2	1	3	1	4	0	13	941	8	16	15	14	5	0	115	478
813	CCT	4	3	1	0	0	0	25	1351	1	3	5	3	12	1	21	459
813	CCG	1	3	0	5	9	2	129	814	0	0	1	0	0	0	3	766
813	GAG	1	3	0	4	6	0	32	1053	2	4	4	13	50	0	3	107
814	AAG	3329	6365	6558	678	349	103	4763	1203	58	719	1479	27	30	11	932	1784
814	AAT	8	10	100	5	2	0	188	529	1	1	110	1	0	0	46	1143
814	ACG	5	6	14	0	0	0	62	541	9	0	0	1	2	1	20	854
814	AGG	2132	2717	6549	1454	319	384	7771	975	6	8	117	2	2	0	95	1867
814	ATT	90	0	4	2	2	0	199	1147	0	0	3	1	0	0	25	979
814	CGG	280	18	81	175	13	30	414	455	599	341	6138	230	303	152	5423	912
814	CGT	14547	8308	25865	6882	2997	2127	45483	1013	18	10	25	4	4	0	12	243
814	GGT	20	3	4	1	1	1	262	1000	1482	1019	21740	126	70	19	4133	1533
814	TAG	1	0	0	0	0	0	10	741	2	2	3	0	0	0	27	635
814	TAT	1	1	1	3	2	0	39	607	0	0	3	1	0	0	17	408
814	TTG	1	1	2	3	1	3	51	1366	1	1	1	1	0	0	19	339
814	GAG	4	1	7	1	0	1	40	406	68	189	398	21	52	1	2081	826
814	GCT	72	8	466	45	15	23	1570	274	1	0	3	0	0	0	4	523
814	GTG	0	0	0	0	0	2	73	1151	1	0	1	0	0	0	1	739
814	AGT	69	44	271	30	13	1	451	459	7	3	207	4	2	1	117	380
814	GAT	0	0	3	0	0	0	20	274	8	3	166	0	0	0	115	637
814	TGG	0	1	0	0	0	0	67	575	59	10	3	18	3	4	1386	904
814	ACT	0	0	8	2	1	0	32	259	6	1	98	0	0	0	77	624
814	CAG	10	8	21	15	1	1	165	1710	85	718	102	23	29	4	1028	1065
814	CAT	93	235	453	121	31	18	1130	664	4	6	3	1	5	1	10	317
814	CCT	0	2	2	0	36	0	237	413	0	1	1	0	0	0	5	193
814	GCG	490	180	552	63	30	20	1868	856	541	7	1	2	8	0	109	313
814	GGG	2	2	1	0	0	1	167	1411	61	20	1797	11	37	8	996	449
814	TCT	4	4	10	21	0	3	184	879	6	0	0	0	0	0	74	524
814	TGT	4	1	6	4	2	1	78	1255	2	3	17	0	0	0	74	3063
814	TTT	873	251	310	832	240	569	5173	415	106	82	527	258	86	265	3103	1361
814	ATG	8	4	13	4	1	0	32	841	1	0	4	1	0	0	23	515
814	CTG	5	6	33	21	2	3	443	512	56	29	21	5	2	10	1821	321
814	CTT	4	8	33	3	1	0	107	292	0	0	0	0	0	0	23	379
814	CCG	1	0	1	0	0	0	22	306	1	237	1	0	11	0	156	879
814	TCG	3	1	5	5	0	0	16	2089	2	1	0	0	0	0	2	428
814	GTT	0	0	0	1	0	0	0	545	0	0	19	0	0	0	32	657
815	GCG	0	0	0	0	0	0	0	126	0	0	0	0	0	0	0	330
815	CCG	0	0	0	0	0	0	1	157	0	0	0	0	0	0	0	365
815	AGG	660	268	2925	179	157	31	1136	2044	26	39	937	4	36	0	246	606
815	ATT	0	0	0	0	2	0	0	935	0	0	0	0	0	0	2	534
815	GAG	0	0	0	0	0	0	6	1383	0	0	1	0	0	0	0	3016
815	TGG	0	0	0	0	0	0	0	682	2	0	1	0	0	0	66	2212
815	ATG	0	0	0	0	1	0	1	1676	0	2	0	0	44	0	14	315
815	CAT	11	1	0	92	2105	0	184	691	3	1	1	1	439	0	20	101
815	CGT	0	0	0	0	1	0	0	131	22	0	0	0	39	4	309	277
815	CTG	1	1	0	1	273	0	70	1204	0	0	0	0	0	0	0	700
815	GTT	0	0	0	0	0	0	0	867	0	0	0	0	0	0	1	651
815	AAG	3	3	0	1	3	0	1	121	27	1407	229	28	2581	3	356	330
815	AAT	1	0	0	1	9	0	0	348	0	0	0	0	2	0	1	73
815	GCT	0	0	0	0	0	0	0	431	0	0	0	0	0	0	0	104
815	GGG	0	0	0	0	0	0	0	803	0	0	1	0	0	0	0	663
815	TAT	4	0	0	0	52	0	32	487	0	0	0	0	0	0	1	42
815	TCG	0	0	0	0	0	0	0	383	0	0	0	0	0	0	0	329
815	TTG	0	0	0	0	0	0	2	591	0	0	0	0	0	0	4	648
815	GTG	0	0	0	0	0	0	0	1067	0	0	1	0	0	0	0	308
815	AGT	0	0	0	1	4	0	7	609	0	0	1	0	0	0	2	240
815	CAG	0	2	0	0	6	0	0	303	0	0	0	0	1	0	0	181
815	ACG	0	0	0	0	0	0	1	356	0	3	0	0	7	0	4	528
815	ACT	0	0	0	0	0	0	1	123	0	0	0	0	1	0	4	161
815	CCT	0	0	0	1	2	0	0	55	0	0	0	0	0	0	0	63
815	CGG	0	0	1	1	4	0	0	180	0	0	0	1	1	0	0	785
815	CTT	0	0	0	1	1	0	0	59	0	0	0	0	0	0	22	848
815	GAT	0	0	0	0	0	0	0	111	0	0	0	0	0	0	0	551
815	GGT	0	0	0	0	0	0	0	381	0	0	0	0	0	0	0	489
815	TAG	0	0	0	0	0	0	1	857	0	0	0	0	0	0	0	608
815	TCT	0	0	0	0	0	0	0	313	0	0	0	0	0	0	0	49
815	TGT	0	0	0	0	0	0	0	167	0	0	0	0	0	0	0	32
815	TTT	0	0	0	0	0	0	6	459	0	0	0	0	0	0	0	99
816	AGT	9678	5669	6933	1145	513	155	9572	1394	7495	156	4593	116	76	25	2038	2745
816	CAG	0	0	0	0	0	0	0	400	0	0	0	0	0	0	3	427
816	CGT	14	10	4	1	0	0	2	1172	10	0	4	0	0	0	2	594
816	GAG	0	0	0	0	0	0	0	2818	0	0	0	0	0	0	0	1245
816	TCG	5	11	499	2	14	1	52	1370	4993	10527	18519	836	946	128	11272	1953
816	TCT	5	11	8	4	5	0	24	1171	46	46	84	16	30	2	458	1269
816	TTG	0	0	1	0	0	0	2	1778	2	5	3	1	0	0	2	1229
816	TTT	1	1	2	0	0	0	6	1429	4	0	0	0	0	0	2	1593
816	GGG	0	0	0	0	0	0	1	1828	0	0	0	0	0	0	4	836
816	TAG	0	0	0	0	0	0	7	1585	0	1	3	0	0	0	1	1808
816	ACT	6	8	13	2	10	0	179	969	19	4	13	1	1	0	104	559
816	CTG	0	0	0	0	0	0	0	258	0	0	0	0	0	0	0	616
816	GGT	3	1	2	0	1	0	3	1655	2	0	0	1	0	0	2	1747
816	TAT	0	3	0	0	1	0	1	2084	2	0	0	0	0	0	1	1194
816	TGG	1	0	0	0	0	0	0	2145	0	2	2	0	0	0	1	1127
816	AAG	0	0	0	0	0	0	0	520	0	0	1	0	0	0	0	1509
816	AAT	3	4	6	0	1	0	0	469	2	1	0	0	0	0	0	590
816	AGG	10	4	10	0	0	0	6	1464	4	0	6	0	0	0	0	1487
816	ATG	0	0	0	0	0	0	0	1365	0	0	0	0	0	0	0	1565
816	CCG	0	0	0	0	0	0	0	627	4	1	1	0	0	0	1	741
816	CTT	0	0	0	0	0	0	0	1179	0	0	0	0	0	0	0	640
816	GCG	0	0	0	0	0	0	0	592	0	0	0	0	0	0	0	1125
816	GTT	1	0	0	0	0	0	1	1418	1	0	0	0	0	0	0	1545
816	ATT	2	8	8	0	0	0	15	1321	5	0	8	0	0	0	3	379
816	GTG	0	0	2	0	0	0	0	653	0	0	1	0	0	0	3	2651
816	TGT	211	121	144	18	16	0	174	1449	164	8	99	0	3	0	29	1466
816	CAT	0	1	0	0	0	0	0	220	0	0	0	0	0	0	0	525
816	CGG	0	0	0	0	0	0	1	2184	0	0	0	0	0	0	0	316
816	ACG	0	0	0	0	0	0	0	416	0	3	2	0	0	0	20	538
816	CCT	0	0	0	0	0	0	0	323	0	0	0	0	0	0	1	213
816	GAT	0	0	0	0	0	0	0	854	1	0	0	0	0	0	0	211
816	GCT	0	0	1	0	0	0	1	648	1	0	0	0	0	0	0	922
817	AGG	0	90	0	1	0	0	26	1180	76	19	0	45	26	4	1309	930
817	ATG	674	2	811	0	23	3	191	1236	3	1	6	0	0	0	49	1136
817	CTG	1	20	3	1	0	0	0	353	2	2	623	1	0	1	82	931
817	GCG	1766	2	99	24	0	0	246	1153	8	5	4	16	14	0	395	1238
817	GGT	57	19	39	30	85	1	989	1436	0	1	0	0	0	0	91	2222
817	TGG	3	2	0	0	1	0	11	1155	1526	1792	29	51	105	25	3272	1591
817	TTT	1859	58	1560	87	99	28	1000	940	5129	4762	4362	272	742	58	5347	1896
817	AAG	9	1	0	4	0	0	159	856	1	3	0	6	0	0	48	1328
817	ACG	6	1	0	0	0	0	4	729	1	0	0	0	0	0	23	1716
817	ACT	0	0	0	0	0	0	1	383	0	6	0	0	0	0	89	364
817	CAG	0	5	0	0	0	0	2	1673	2	0	0	0	0	0	11	936
817	CCG	0	3127	1	22	0	0	21	1084	0	0	1	0	0	0	7	598
817	GCT	5	0	4	0	6	2	87	1305	84	19	17	12	22	0	1037	1356
817	GTG	13	2	2	1	1	0	33	967	2378	1003	1812	236	164	12	4306	1726
817	GTT	6	1004	21	32	47	3	264	672	557	2273	486	113	169	16	3071	1650
817	TAT	255	100	441	362	1445	45	4818	1105	30	2	2	1	3	0	135	1346
817	TCG	32	9	1	0	0	0	131	975	38	24	3	12	21	4	1364	825
817	AAT	0	0	0	0	0	0	82	394	0	5	0	0	0	0	3	1010
817	AGT	1	0	0	0	0	0	49	1193	12	1	0	0	1	0	157	482
817	TGT	0	2	2	0	3	0	12	594	69	16	1	3	6	0	463	3256
817	TTG	56	208	32	20	79	4	1136	741	769	177	1593	13	14	3	1230	2074
817	ATT	9	1	119	22	31	1	149	605	8	9	515	5	6	2	258	1135
817	CAT	0	1	2	0	0	0	58	532	0	0	0	0	0	0	0	390
817	CTT	0	1	1	0	0	0	4	455	1	1	6	1	0	0	55	865
817	GAG	0	0	0	0	0	0	14	1698	0	0	1	0	1	0	9	1226
817	TCT	9	1	2	0	2	0	23	740	1	0	1	0	0	0	67	667
817	GGG	5	1	0	0	0	0	26	1277	11	4	1	14	53	1	931	1570
817	CGG	4	0	0	0	0	0	20	1040	0	0	0	1	0	0	16	815
817	CGT	0	0	0	1	0	0	2	455	0	0	0	0	0	0	3	433
817	TAG	0	0	0	0	0	0	3	1567	2	0	1	0	0	0	0	659
817	CCT	0	25	0	0	0	0	0	204	0	0	0	0	0	0	0	230
817	GAT	0	1	0	0	0	0	2	326	1	0	0	0	0	0	3	615
818	ATT	14	23	16	2	13	0	24	464	11638	2008	2659	225	328	47	4710	2439
818	CAT	0	0	0	0	0	0	1	1250	0	0	0	0	0	0	0	39
818	GGT	0	0	0	0	0	0	0	482	0	0	0	0	0	0	0	770
818	TGG	0	0	0	0	0	0	1	1246	0	1	0	0	0	0	1	2652
818	TGT	0	0	0	0	0	0	1	522	0	0	0	0	0	0	1	2554
818	GCT	0	0	0	0	0	0	0	753	0	0	1	0	0	0	0	1045
818	CTG	0	0	0	0	0	0	0	547	46	13	555	51	30	2	805	410
818	ATG	0	0	1	0	0	0	1	468	10	1	9	0	0	0	64	1202
818	GCG	0	0	0	0	0	0	0	560	0	0	0	0	0	0	0	958
818	AAG	0	0	0	0	0	0	0	383	0	0	0	0	0	0	0	661
818	AAT	0	0	0	0	0	0	0	1127	2	0	0	0	0	0	1	465
818	ACT	0	0	0	0	0	0	1	1161	0	3	0	0	0	0	0	338
818	CGG	0	0	0	0	0	0	0	839	0	0	0	0	0	0	0	1409
818	TCG	0	0	0	0	0	0	0	416	0	0	0	0	0	0	0	705
818	AGG	0	0	0	0	0	0	0	1663	0	0	0	0	0	0	0	351
818	CTT	92	266	11	48	10	3	755	1133	2	0	8	4	0	0	21	495
818	ACG	0	0	0	0	0	0	0	470	0	0	0	0	0	0	0	1035
818	AGT	0	0	0	0	0	0	0	865	0	0	0	0	0	0	0	952
818	CGT	0	0	0	0	0	0	0	872	0	0	0	0	0	0	0	1544
818	GAT	0	0	0	0	0	0	1	932	0	0	0	0	0	0	0	432
818	GGG	0	0	0	0	0	0	0	1030	0	0	0	0	0	0	7	982
818	GTG	4	0	0	0	0	0	17	2179	0	0	0	0	0	0	13	885
818	CCT	0	0	0	0	0	0	2	178	0	0	0	0	0	0	0	325
818	TCT	0	0	0	0	0	0	0	336	0	0	1	0	0	0	0	316
818	CCG	0	0	0	0	0	0	4	1007	0	0	0	0	0	0	0	478
818	GTT	0	0	1	0	0	0	1	275	0	0	0	0	1	0	17	331
818	TAT	0	0	0	0	0	0	0	729	0	0	0	0	0	0	36	1379
818	TTG	0	0	0	0	0	0	3	962	10	6	0	7	21	2	291	652
818	TAG	0	0	0	0	0	0	0	537	0	0	0	0	0	0	0	428
818	CAG	0	0	0	0	0	0	0	762	0	0	0	0	0	0	0	623
818	GAG	0	0	0	0	0	0	0	215	0	0	0	0	0	0	0	499
818	TTT	0	0	0	0	0	0	3	463	1	2	1	0	0	0	54	787
819	ATG	0	0	0	35	0	0	27	587	0	0	1	0	0	0	0	389
819	ATT	0	0	0	0	0	0	0	119	0	0	0	0	0	0	0	182
819	GCT	0	0	0	0	0	0	0	1990	0	0	0	0	0	0	0	65
819	GGG	0	0	0	0	0	0	9	1343	0	0	0	0	0	0	4	1227
819	TGT	0	0	0	0	0	0	0	1528	0	0	0	0	0	0	1	1343
819	GAT	0	0	1	0	0	0	3	714	0	0	0	0	1	0	0	615
819	AAT	0	0	0	0	0	0	0	30	0	0	0	0	0	0	0	375
819	GAG	2	0	2	1	0	0	1	699	68	27	3293	49	137	19	1536	1275
819	GTG	0	0	0	0	0	0	0	384	0	0	0	0	0	0	0	436
819	AGT	0	0	0	0	0	0	0	550	0	0	0	0	0	0	1	1061
819	CAG	0	0	0	0	0	0	2	318	0	0	0	0	0	0	23	705
819	TTT	0	0	0	0	0	0	4	760	0	0	0	0	0	0	0	241
819	AAG	0	0	0	0	0	0	0	1477	0	0	0	0	0	0	0	307
819	ACG	0	0	0	0	0	0	0	801	0	0	0	0	0	0	0	343
819	TCG	0	0	0	0	0	0	0	846	0	0	1	0	0	0	0	738
819	TGG	0	0	0	0	0	0	0	366	0	0	0	0	0	0	0	550
819	TAT	0	0	0	0	0	0	3	772	0	0	0	0	0	0	0	194
819	CGT	0	0	0	0	0	0	0	1082	0	0	0	0	0	0	0	511
819	GGT	0	0	0	0	0	0	0	454	0	0	0	0	0	0	4	790
819	CTT	0	0	0	0	0	0	0	300	0	0	0	0	0	0	0	798
819	AGG	0	0	0	0	0	0	0	507	0	0	0	0	0	0	0	1453
819	CTG	0	0	0	0	0	0	0	1216	0	0	1	0	0	0	0	881
819	TTG	0	0	0	1	0	0	0	248	0	0	1	0	0	0	0	706
819	CGG	0	0	0	0	0	0	0	863	0	0	0	0	0	0	0	383
819	TAG	0	0	0	0	0	0	0	199	0	0	0	0	0	0	0	782
819	ACT	0	0	0	0	0	0	0	342	0	0	0	0	0	0	0	1551
819	GTT	0	0	0	0	0	0	0	114	0	0	0	0	0	0	0	560
819	CAT	0	0	0	0	0	0	2	566	0	0	0	0	0	0	2	284
819	CCG	0	0	0	0	0	0	0	266	2	0	0	0	0	0	0	540
819	GCG	0	0	0	0	0	0	0	241	1	0	0	0	0	0	0	665
819	CCT	0	0	0	0	0	0	0	147	0	0	0	0	0	0	0	36
819	TCT	0	0	0	0	0	0	10	149	0	0	0	0	0	0	1	435
820	CAG	0	0	0	0	0	0	0	849	0	0	0	0	0	0	1	592
820	GTG	0	0	0	0	0	0	0	1283	0	0	1	0	0	0	1	1172
820	CGT	0	0	0	0	0	0	1	1442	0	0	0	0	0	0	0	636
820	CTG	0	0	0	0	0	0	0	2321	0	0	0	0	0	0	0	530
820	CCG	0	0	0	0	0	0	0	158	0	0	0	0	0	0	0	1240
820	TTG	0	0	0	0	0	0	1	1131	0	0	0	0	0	0	0	827
820	TAG	0	0	1	0	0	0	0	1392	0	0	0	0	0	0	8	535
820	AAT	0	0	0	0	0	0	1	385	0	0	0	0	0	0	0	329
820	ACG	0	0	0	0	0	0	1	507	0	0	2	0	0	0	1	2182
820	ATG	0	0	1	0	0	0	5	1874	0	0	0	0	0	0	0	844
820	GGT	0	0	0	4	0	0	9	2471	0	0	0	0	0	0	46	2551
820	GTT	0	0	1	0	0	0	0	1026	0	0	1	0	0	0	0	1477
820	TAT	0	0	1	0	0	0	0	569	0	0	0	0	0	0	0	316
820	CTT	0	0	0	0	0	0	0	628	0	0	0	0	0	0	0	457
820	GAT	2	8	144	0	3	5	54	713	7	184	65	8	13	0	266	632
820	TCG	0	0	0	0	0	0	20	1816	0	0	0	0	0	0	1	487
820	TGG	0	0	0	0	0	0	0	505	0	0	0	0	0	0	3	446
820	GAG	0	0	1	161	30	0	38	757	0	0	2	0	0	0	4	575
820	GGG	0	0	1	1	0	0	3	540	0	1	0	0	0	0	15	910
820	AGT	0	0	0	0	0	0	0	482	0	0	0	0	0	0	1	500
820	CGG	0	0	0	0	0	0	13	1127	0	0	0	0	0	0	0	1068
820	TTT	0	0	0	0	0	0	0	1103	0	0	0	0	0	0	1	453
820	GCG	0	0	0	0	0	0	0	936	0	0	0	0	0	0	0	811
820	TCT	0	0	0	0	0	0	0	1299	0	0	0	0	0	0	0	583
820	AAG	0	0	0	0	0	0	9	761	0	0	0	0	0	0	18	1236
820	ATT	0	0	0	0	0	0	0	315	0	0	0	0	0	0	3	657
820	CAT	0	0	0	0	0	0	0	714	0	0	0	0	0	0	0	283
820	GCT	0	0	0	0	0	0	0	1064	0	0	0	0	0	0	0	533
820	AGG	0	0	0	0	0	0	0	1668	0	0	1	0	0	0	1	885
820	ACT	0	0	0	0	0	0	0	649	0	0	0	0	0	0	0	963
820	CCT	0	0	0	0	0	0	0	350	0	0	0	0	0	0	0	129
820	TGT	0	0	0	0	0	0	0	77	0	0	0	0	0	0	1	79
821	ATG	70	83	2	27	0	0	323	1669	1	2	1	0	0	0	84	1228
821	GGT	1	0	0	0	0	0	0	1215	0	0	1	0	0	0	0	650
821	TTG	812	3397	9296	641	571	133	5826	2620	16	14	2424	0	26	0	317	1202
821	ATT	4794	1297	1072	323	931	26	4373	1426	1	2	0	1	1	0	9	336
821	CTT	10	13	9	0	1	0	21	343	1949	1060	5175	199	200	19	1802	701
821	TCT	0	0	0	0	0	0	0	771	0	0	0	0	0	0	1	86
821	GGG	0	0	0	0	0	0	1	659	0	0	0	0	0	0	0	455
821	CAG	0	0	0	0	0	0	8	1275	0	0	0	0	0	0	0	1569
821	CCG	0	0	0	0	0	0	1	411	0	1	0	0	0	0	0	662
821	CGG	0	0	0	0	0	0	0	349	0	0	0	0	0	0	0	465
821	CGT	0	0	0	0	0	0	0	708	2	0	9	0	0	0	4	306
821	TAT	0	0	0	0	0	0	5	1162	0	0	0	0	0	0	1	276
821	AGT	1	0	4	0	0	0	21	1887	0	0	1	0	0	0	3	2000
821	GCT	0	1	0	0	1	0	1	1440	0	0	2	0	0	0	0	607
821	GTT	789	529	7	98	97	2	1256	3402	13	0	306	0	0	0	97	1137
821	TAG	0	0	8	0	0	0	8	212	0	0	2	0	0	0	4	1168
821	TCG	0	0	2	0	0	0	4	995	0	0	0	0	0	0	0	673
821	AAT	3	0	0	0	0	0	0	635	0	0	0	0	0	0	0	762
821	ACG	0	0	0	0	0	0	21	1625	0	0	0	0	0	0	0	331
821	AGG	0	0	0	0	0	0	0	576	0	0	0	0	0	0	0	1686
821	CAT	0	0	0	0	0	0	0	135	1	1	10	0	0	0	5	280
821	CTG	20	5	76	22	9	1	227	607	2	2381	6	6	0	0	91	738
821	GTG	1	0	0	0	0	0	46	1133	0	6	0	0	1	0	139	841
821	TGT	0	0	0	0	0	0	0	832	0	0	0	0	0	0	9	744
821	TTT	4	5	9	1	1	0	9	336	7	1	8	0	0	0	69	961
821	TGG	0	0	2	0	0	0	103	1541	0	0	0	0	0	0	19	355
821	AAG	0	0	0	0	0	0	0	1467	0	0	0	0	0	0	0	287
821	GCG	0	0	0	0	0	0	27	2735	0	0	0	0	0	0	18	1186
821	ACT	0	1	0	1	0	0	1	176	0	0	0	0	0	0	30	550
821	GAT	3	0	0	0	0	0	6	879	0	0	2	0	0	0	2	397
821	GAG	0	0	0	0	0	0	0	1103	0	0	1	0	0	0	0	902
821	CCT	0	0	0	0	0	0	0	87	1	0	1	0	0	0	0	129
822	CTG	13	52	275	0	1	0	14	751	1	3	0	0	1	0	16	835
822	TTG	3968	2742	138176	604	359	275	3039	1335	9	3	16	5	6	1	92	1005
822	TTT	28	26	2345	1	3	0	62	1717	10	6	5	26	0	0	198	311
822	ATG	4	9	164	4	4	0	131	1375	0	0	2	0	0	0	37	443
822	ATT	4	5	4	208	975	3	164	1717	6	5	2762	4	2433	0	327	741
822	CCG	0	0	0	0	0	0	0	266	0	0	0	0	0	0	0	390
822	GCG	0	7	0	0	0	0	0	1363	0	0	0	0	0	0	0	375
822	GGG	0	1	0	0	0	0	0	1058	0	0	0	0	0	0	0	803
822	GTG	10	8686	18	8	235	0	193	778	1	0	0	0	0	0	24	1010
822	GTT	1	45	1	0	0	0	10	935	11	982	1	0	397	1	227	2075
822	ACG	0	0	0	0	0	0	0	1779	0	0	0	0	0	0	0	492
822	ACT	0	0	1	0	0	0	0	661	0	0	0	0	0	0	0	135
822	GAT	0	0	0	0	0	0	1	1691	0	0	0	0	0	0	0	1083
822	TCG	0	0	31	1	0	0	3	300	0	0	0	0	0	0	0	817
822	TGT	0	0	2	0	0	0	0	620	0	0	0	0	2	0	22	429
822	CGG	0	0	0	0	0	0	0	2279	5	0	0	0	0	0	0	903
822	CGT	0	0	0	0	0	0	0	165	0	0	0	0	0	0	0	1782
822	CTT	2	15	115	1	6	0	7	283	136	52	350	62	116	10	1938	1282
822	TAT	0	0	1	0	0	0	0	590	0	0	0	0	0	0	0	849
822	AGG	0	0	1	0	0	0	3	1541	0	0	0	0	0	0	0	577
822	CCT	0	0	0	0	0	0	0	467	0	0	1	0	0	0	6	439
822	TAG	0	0	4	0	0	0	0	240	0	0	0	0	0	0	0	504
822	GGT	0	0	0	0	0	0	2	809	0	0	0	0	0	0	1	969
822	GAG	0	0	0	0	0	0	0	491	0	0	0	0	0	0	0	534
822	GCT	0	0	0	0	0	0	1	314	0	0	0	0	0	0	0	320
822	TGG	0	1	7	0	0	0	1	883	0	0	0	0	0	0	0	892
822	AAT	0	0	0	0	0	0	4	300	0	0	1	0	0	0	0	910
822	AGT	0	0	0	0	0	0	0	1076	0	0	0	0	0	0	0	332
822	CAT	0	0	0	0	0	0	0	369	0	0	0	0	0	0	1	1473
822	TCT	0	0	0	0	0	0	0	600	0	0	0	0	0	0	0	180
822	CAG	0	0	0	0	0	0	0	387	0	0	0	0	0	0	0	470
822	AAG	0	0	0	0	0	0	1	228	0	0	0	0	0	0	0	821
823	AGG	0	0	1	0	0	0	0	561	0	0	0	0	0	0	0	944
823	CGT	0	0	0	0	0	0	0	732	0	0	0	0	0	0	0	532
823	GAG	0	0	0	0	0	0	0	514	0	0	0	0	0	0	0	248
823	TAT	58	700	26	687	9822	5	322	858	23420	7007	1322	9947	93727	29	3334	1373
823	TTT	1052	1410	12284	764	264	109	5118	1085	378	10758	30518	1180	772	95	6496	1748
823	CTG	0	0	0	0	0	0	5	651	0	0	0	0	0	0	4	366
823	CAG	0	0	0	0	0	0	0	524	0	0	0	0	0	0	0	253
823	AGT	0	0	0	0	0	0	0	842	0	0	0	0	0	0	1	482
823	CAT	0	0	0	0	0	0	0	828	7	0	1	5	6	0	0	285
823	GTT	0	0	0	0	0	0	2	1657	8	1	1	0	0	0	0	1122
823	TTG	0	0	3	0	0	0	0	1454	0	3	9	0	1	0	10	1558
823	TAG	0	0	0	0	1	0	1	152	2	0	1	1	8	0	0	491
823	ACT	0	0	0	0	0	0	0	556	0	0	0	0	0	0	0	500
823	CTT	0	0	2	0	0	0	2	824	0	2	2	0	0	0	2	480
823	GAT	0	0	0	0	0	0	0	169	0	1	0	1	0	0	9	953
823	GCT	0	0	0	0	0	0	0	857	0	0	1	0	0	0	0	484
823	GGG	0	0	0	0	0	0	0	866	0	0	0	0	0	0	0	289
823	GGT	0	0	0	0	0	0	0	646	0	0	0	0	0	0	0	1762
823	TGT	0	1	4	1	0	0	1	1114	4	1	4	1	14	0	1	1392
823	AAG	0	0	0	0	0	0	0	371	0	0	0	0	0	0	0	352
823	ATG	0	0	0	0	0	0	0	616	7	0	0	0	0	0	6	1301
823	CGG	0	0	0	0	0	0	0	864	0	0	0	0	0	0	0	1398
823	ATT	0	0	0	0	0	0	0	1825	0	0	1	0	0	0	0	320
823	GCG	0	0	0	0	0	0	0	520	0	0	0	0	0	0	0	570
823	TCT	0	0	1	0	7	0	0	779	14	5	8	2	57	0	4	390
823	TGG	0	0	0	0	0	0	0	826	0	0	0	0	0	0	1	1516
823	GTG	0	0	0	0	0	0	0	496	0	0	0	0	0	0	0	1911
823	AAT	0	0	0	0	0	0	0	383	0	0	1	0	3	0	0	977
823	ACG	0	0	0	0	0	0	0	191	0	0	0	0	0	0	0	223
823	TCG	0	0	0	0	0	0	0	415	0	0	0	0	1	0	0	927
823	CCT	0	0	1	0	0	0	0	741	0	0	0	0	0	0	1	956
823	CCG	0	0	0	0	0	0	0	95	0	0	0	0	0	0	0	45
824	AGT	0	0	1	0	0	0	4	748	13	1	501	2	1	1	353	1756
824	CCG	0	0	0	0	0	0	0	2428	0	0	0	0	0	0	0	716
824	CGG	0	0	0	0	0	0	59	1412	0	0	0	0	0	0	13	1546
824	AAT	4	5	3	0	0	0	9	1112	2159	1867	5862	126	168	18	1884	2002
824	TAG	0	0	0	0	0	0	5	1425	0	0	0	0	0	0	0	501
824	ACT	0	0	1	0	1	0	98	535	114	44	19	83	7	10	2114	1865
824	AGG	2	0	0	0	0	0	63	683	8	0	0	0	0	0	11	1578
824	ATG	33	6	1	12	4	3	569	2090	4	2	1	1	0	0	111	604
824	CCT	0	0	0	0	0	0	0	3061	0	0	0	0	0	0	1	601
824	CTG	0	0	0	0	0	0	0	630	0	0	0	0	0	0	35	1039
824	GCT	5	0	0	0	0	0	46	465	8	1	0	1	0	0	18	928
824	GGG	0	0	0	0	0	0	1	1004	0	0	0	0	0	0	33	1687
824	TAT	0	1	0	0	0	0	11	1116	0	5	0	0	0	0	13	1231
824	TCG	15	0	0	0	0	2	195	721	0	0	0	0	0	0	35	1011
824	TGG	0	1	0	0	0	0	16	1887	0	0	0	0	0	0	5	846
824	ATT	0	0	0	0	0	0	38	1044	0	0	2	0	0	0	37	2591
824	CAG	314	334	676	97	36	7	1586	1080	2	0	1	0	0	0	6	314
824	GAT	0	0	0	0	1	0	25	862	19	1525	4	134	28	13	887	1469
824	GGT	0	0	0	0	0	0	0	1190	0	1	0	0	0	0	0	678
824	TTG	2	0	2	3	0	0	89	3221	0	0	2	0	0	0	41	2216
824	ACG	2457	3	0	44	7	1	802	1262	1	1	0	3	0	0	7	442
824	CGT	0	0	0	0	0	0	19	2290	0	0	0	0	0	0	0	1947
824	GCG	5	0	0	0	17	3	335	948	11	0	0	0	0	0	20	700
824	CAT	2	2	1	0	0	0	3	699	2	0	0	0	0	0	38	726
824	GTT	3	0	0	0	1	0	0	1111	0	0	0	0	0	0	12	1352
824	TTT	0	0	0	0	0	0	1	1197	0	0	0	0	0	0	2	1007
824	GTG	0	0	0	0	0	0	1	780	0	0	0	0	0	0	3	1551
824	AAG	20	2	27	1	0	0	90	557	1	1	1	0	0	0	14	1337
824	TGT	0	0	0	0	0	0	6	896	0	0	0	0	0	0	9	747
824	CTT	0	0	0	0	0	0	0	380	2	3	0	0	0	0	22	771
824	TCT	0	6	0	0	0	0	37	675	22	7	0	21	14	0	556	1385
824	GAG	12	0	0	68	0	1	276	775	0	0	0	0	0	0	4	673
825	ATT	0	0	0	0	0	0	39	1855	3	0	1	0	0	0	10	603
825	GCG	0	0	0	0	0	0	16	630	0	0	0	0	0	0	0	666
825	GGT	0	0	0	0	0	0	0	1359	0	0	0	0	0	0	2	1437
825	GTG	4	0	3	0	0	0	77	581	16	5	3	0	11	0	222	2741
825	TAT	0	0	1	0	0	0	31	1544	0	0	4	0	0	0	19	1078
825	TCG	4	0	0	0	3	0	34	1043	0	2	0	2	2	0	246	1444
825	AGG	35	1137	1548	23	29	5	1291	997	1	0	0	0	22	0	11	585
825	CGT	4	10	0	2	12	1	333	1527	0	3	0	0	0	0	31	137
825	AAG	3	12	33	2	1	1	136	729	2	0	1	0	0	0	12	609
825	ACT	0	0	0	0	0	0	4	1136	0	0	0	0	0	0	0	679
825	GAT	0	0	0	0	0	0	11	364	0	2	1	0	0	0	20	1970
825	AGT	33	3	0	18	43	0	295	2630	3	8	0	0	12	0	393	897
825	ATG	2	1	2	1	0	0	74	712	9	0	0	0	1	0	248	1559
825	CGG	952	524	4102	200	141	44	4670	660	0	36	3	0	0	1	75	890
825	TAG	0	0	0	0	0	0	2	931	0	1	0	0	0	0	7	935
825	TTT	0	0	0	0	0	0	0	984	0	1	0	0	0	0	0	567
825	GAG	0	0	0	0	0	0	8	1647	1	0	2	0	0	0	6	917
825	GTT	19	1	0	0	0	1	190	1437	16	0	0	0	0	0	32	379
825	TTG	3	0	1	13	0	0	134	975	0	0	0	0	0	0	8	474
825	GCT	9	0	0	2	0	0	187	1196	0	0	0	0	0	0	18	462
825	CCT	0	0	0	0	0	0	1	302	0	0	0	0	0	0	0	260
825	CTG	8	7	3	0	0	0	56	1948	0	0	1	1	0	0	15	490
825	CTT	0	0	0	0	0	0	1	206	2	0	0	0	0	0	68	544
825	ACG	8	1	231	1	10	2	355	1518	0	0	1	4	0	0	25	687
825	CAT	8	10	1	1	0	0	228	1122	10	8	194	1	11	0	241	782
825	TCT	0	0	0	0	0	0	0	1299	10	3	48	2	0	0	235	1477
825	CAG	18	10	45	1	1	0	53	434	69	15	1	3	9	0	428	924
825	GGG	0	1	0	0	0	0	0	1315	0	0	0	0	0	0	0	1352
825	TGG	0	3	2	0	0	0	1	1445	0	0	0	0	0	0	4	2006
825	AAT	0	0	0	0	0	0	3	419	0	1	3	0	0	0	5	278
825	CCG	0	0	1	0	0	0	0	317	0	0	0	0	0	0	0	507
825	TGT	0	0	0	0	0	0	0	438	0	0	0	0	0	0	0	316
826	CAG	0	0	0	0	0	0	3	1909	0	0	0	0	0	0	0	594
826	CTG	26	167	1457	97	40	6	658	667	10039	3054	5838	250	136	26	5805	563
826	CTT	5895	5702	3280	381	262	29	4218	2295	16	8	10	0	1	0	4	177
826	GCG	1	1	4	1	0	0	16	1274	0	1	3	0	0	0	7	604
826	GTG	11542	5403	17925	3152	2391	387	18993	2889	114	51	5217	57	121	14	1829	1184
826	GTT	44361	36117	73129	8887	7088	1357	55485	851	1333	4472	3099	485	524	29	3751	1037
826	TGG	0	0	0	0	0	0	0	1008	0	0	0	0	0	0	0	1281
826	AAT	0	0	0	0	0	0	6	686	0	0	0	0	0	0	1	891
826	ACG	0	0	0	0	0	0	2	170	0	0	0	0	0	0	3	177
826	CAT	0	1	0	0	0	0	2	2171	0	0	0	0	0	0	0	629
826	CGG	0	0	1	0	0	0	0	464	0	0	0	0	0	0	0	696
826	TTT	20	24	45	9	4	0	40	1389	1	1	2	0	0	0	26	1063
826	GAG	1	0	6	0	0	0	3	722	3	0	3	0	0	0	6	1296
826	GGG	2	2	5	0	0	0	3	2989	0	0	1	0	0	0	4	1877
826	AGT	0	0	0	0	0	0	12	618	0	0	0	0	0	0	1	2727
826	ATG	6	0	4	0	0	0	27	893	13	1	7	0	0	0	14	1549
826	CGT	0	2	0	0	0	0	0	416	0	0	0	0	0	0	0	581
826	TCG	0	0	1	0	0	0	1	852	0	0	0	0	0	0	0	726
826	TTG	5	30	7	0	1	2	91	2215	15	153	246	1	21	0	225	720
826	AGG	0	0	0	0	0	0	1	785	0	0	0	0	0	0	4	2742
826	AAG	0	0	0	0	0	0	0	1151	0	0	0	0	0	0	0	853
826	TAT	1	0	0	0	0	0	0	695	0	0	0	0	0	0	11	803
826	GAT	5	0	3	0	0	0	4	286	0	0	0	0	0	0	7	629
826	TGT	0	0	0	0	0	0	0	870	0	0	0	0	0	0	1	954
826	ACT	0	0	0	0	0	0	0	184	0	0	0	0	0	0	0	460
826	GCT	13	9	2	2	1	0	4	324	0	0	1	0	0	0	1	508
826	ATT	10	12	20	2	0	0	16	562	0	0	2	0	1	0	22	908
826	GGT	3	2	0	0	0	0	4	1189	0	2	0	0	0	0	0	1032
826	CCG	0	0	0	0	0	0	0	186	5	0	2	0	0	0	2	471
826	CCT	2	2	0	0	0	0	1	140	0	0	0	0	0	0	0	1202
826	TAG	0	0	0	0	0	0	0	543	0	0	0	0	0	0	0	192
826	TCT	0	0	0	0	0	0	3	837	0	0	0	0	0	0	0	434
827	TTG	0	0	0	0	0	0	1	80	0	0	0	2	0	0	22	491
827	CGG	0	0	0	0	0	0	0	37	0	0	0	0	0	0	3	185
827	TGT	0	0	0	0	0	0	0	58	0	0	0	0	0	0	2	1209
827	TCG	0	0	0	0	0	0	0	61	0	0	0	0	0	0	0	44
827	GAG	0	0	0	0	0	0	0	3	4	1	0	2	0	0	145	37
827	CAT	0	0	0	0	0	0	0	86	0	1	0	0	0	0	11	428
827	GGG	0	0	0	0	0	0	0	247	0	0	0	0	0	0	0	104
827	GTT	0	0	1	0	0	0	0	150	8	22	2005	25	15	7	768	310
827	AGT	0	0	0	0	0	0	1	149	0	0	0	0	0	0	0	28
827	GGT	0	0	0	0	0	0	0	11	0	0	0	0	0	0	0	59
827	TAG	0	0	0	0	0	0	0	173	0	0	0	0	0	0	1	217
827	GCT	0	0	0	3	0	0	11	207	5	0	11	19	0	4	175	537
827	AGG	0	0	0	1	0	0	6	67	4	1	0	0	0	0	58	157
827	ATG	0	0	0	0	0	0	0	45	3	0	0	0	0	0	26	125
827	TCT	0	0	0	0	0	0	0	88	0	0	0	0	0	0	0	103
827	GAT	0	0	0	0	0	0	0	91	0	0	0	0	0	0	1	0
827	AAT	0	0	0	0	0	0	0	55	0	0	0	0	0	0	7	204
827	TTT	0	0	0	0	0	0	0	600	0	0	0	0	0	0	20	240
827	AAG	0	0	0	0	0	0	0	11	0	0	0	0	0	0	1	20
827	ACG	0	0	0	0	0	0	0	242	0	0	0	0	0	0	0	7
827	ACT	0	0	0	0	0	0	0	30	0	0	0	0	0	0	0	40
827	ATT	0	0	0	0	0	0	0	124	0	0	6	0	0	0	5	199
827	CAG	0	0	0	0	0	0	0	86	0	0	0	0	0	0	0	23
827	CCG	0	0	0	0	0	0	0	3	0	0	0	0	0	0	0	7
827	CCT	0	0	0	0	0	0	1	3	0	0	0	0	0	0	0	22
827	CGT	5	0	0	0	2	0	172	218	0	0	0	0	3	0	77	107
827	CTG	0	0	0	0	0	0	0	28	0	0	0	0	0	0	0	22
827	CTT	0	0	0	0	0	0	0	121	0	0	0	0	0	0	0	1
827	GCG	0	0	0	0	0	0	0	8	0	0	0	0	0	0	0	6
827	GTG	0	0	0	0	0	0	0	138	0	0	0	0	0	0	0	19
827	TAT	0	0	0	0	0	0	0	71	0	0	0	0	0	0	0	74
827	TGG	0	0	0	0	0	0	0	66	0	0	0	0	0	0	0	12
828	ATG	3250	6635	7203	1330	1052	123	5747	1106	2539	1607	958	112	114	10	1329	2276
828	ATT	610	2522	3172	242	262	27	3167	1482	1836	479	228	35	18	4	575	1053
828	CCT	0	0	4	2	0	0	6	186	1	0	1	0	0	0	7	1835
828	CGT	5	1	3	0	0	0	0	1332	1	0	1	0	0	0	2	908
828	CTG	6	14	40	1	3	0	24	519	2120	5785	29648	773	662	93	9153	540
828	CTT	4865	4706	13817	2279	1582	273	11953	1088	10475	13558	31663	581	967	102	11432	2651
828	GTG	0	1	2	1	0	0	15	393	26	6	1	4	1	1	438	562
828	ACT	0	1	0	0	0	0	169	912	0	9	0	0	2	0	62	347
828	AGT	3	0	1	0	0	0	49	817	0	0	0	0	0	0	10	648
828	GAG	0	0	0	0	0	0	16	583	0	0	0	0	0	0	33	1097
828	TCG	0	0	0	0	0	0	37	1640	0	0	0	0	0	0	13	1383
828	TTT	0	0	2	1	0	0	31	611	108	35	52	32	59	2	697	825
828	CAT	1	0	0	0	0	0	4	2212	0	2	2	0	0	0	8	1231
828	CGG	0	0	0	0	0	0	1	638	0	0	0	1	0	0	22	1595
828	GAT	0	0	0	0	0	0	0	1152	0	0	1	0	0	0	1	778
828	GGT	0	0	0	0	0	0	0	940	0	0	0	0	0	0	3	720
828	GTT	0	1	0	0	0	0	64	780	0	0	0	0	1	0	18	838
828	TGG	0	0	0	0	0	0	0	1096	0	0	0	0	0	0	5	1339
828	AAT	0	0	0	0	0	0	0	535	0	0	0	2	0	0	19	283
828	ACG	0	1	0	0	0	0	2	522	4	5	0	10	0	0	87	913
828	AGG	0	0	0	0	0	0	0	349	0	1	0	0	0	0	0	304
828	TAG	0	0	0	0	0	0	0	1177	0	0	0	0	0	0	5	895
828	CCG	0	0	0	0	0	0	1	855	0	1	2	1	0	0	1	712
828	AAG	0	0	0	0	0	0	0	310	1	0	0	0	0	0	0	2061
828	CAG	1	0	0	0	0	0	0	482	0	0	3	0	0	0	20	1170
828	GCT	0	0	0	0	0	0	5	369	0	2	0	0	0	0	10	820
828	TAT	1	0	0	0	20	1	131	1432	0	0	0	0	0	0	2	971
828	TCT	0	0	0	0	0	0	45	546	0	0	0	0	0	0	8	1043
828	TGT	0	0	0	0	0	0	0	818	0	0	0	0	0	0	0	540
828	TTG	0	0	0	3	0	0	22	464	5	3	395	0	16	0	209	366
828	GCG	0	0	4	0	2	0	71	322	0	0	0	0	0	0	5	704
828	GGG	0	0	0	0	0	0	0	693	0	0	0	0	0	0	0	275
829	ACT	1	0	0	2	1	0	1	665	28	4	1	19	14	1	119	562
829	AGG	319	730	6913	197	42	7	3113	686	25	211	1226	26	5	4	1198	480
829	GGT	4688	529	2485	335	286	30	5898	1138	0	2	1	1	2	0	2	268
829	GTG	969	1395	669	297	288	46	5365	1172	3	0	1	0	0	0	7	431
829	TCT	1233	270	3692	338	364	70	2864	368	12	3	1	0	0	1	96	474
829	TGT	2	2	0	0	0	0	1	459	0	0	0	0	0	0	0	898
829	TTG	50	296	308	27	92	11	1530	1401	57	5	33	4	33	1	597	808
829	ATT	0	0	0	0	0	0	0	123	0	2	1	0	2	0	122	577
829	CGG	36	3	112	945	4459	196	747	1028	134	702	94	10	30	2	1289	2666
829	GCT	24	4	34	6	4	0	36	527	11	3516	10	86	107	4	714	353
829	AAG	1	2	1	2	2	0	1	491	9	1	0	0	2	0	204	1428
829	AGT	25	4	367	51	17	6	381	595	7	1178	212	10	7	3	229	280
829	ATG	61	1	4	13	0	0	69	388	3	2	0	0	0	0	21	380
829	GCG	5	5	5	5	16	0	18	365	69	522	253	158	74	12	995	377
829	TAG	0	1	0	0	0	0	0	236	0	1	0	0	0	0	2	856
829	CCG	1	0	2	5	17	0	1	359	1	2	9	0	0	0	2	227
829	GAG	2	3	1	1	2	0	2	123	0	0	0	0	0	0	1	150
829	ACG	3	2	20	0	2	0	9	500	24	24	1579	56	87	3	854	1608
829	GGG	61	5	29	11	52	2	356	1988	210	31	13	21	19	1	460	836
829	CTT	0	0	0	0	1	0	13	402	0	0	0	0	0	0	1	77
829	TCG	5	0	0	1	2	0	1	448	19	0	1	0	0	0	53	512
829	CCT	0	0	0	0	0	0	1	389	1	0	0	0	0	0	39	570
829	TTT	0	1	0	0	1	0	3	5	0	0	0	0	0	0	0	727
829	TAT	0	0	0	0	0	0	0	242	0	0	0	0	0	0	15	159
829	CTG	1	0	1	2	6	0	1	553	3	2	0	1	0	0	36	481
829	CAT	0	0	0	0	0	0	0	445	0	0	0	0	0	0	0	845
829	GAT	2	0	1	2	1	0	4	8	0	0	0	0	0	0	0	30
829	TGG	0	0	0	1	8	0	33	247	0	2	0	0	0	0	5	508
829	AAT	24	13	0	62	10	3	430	351	0	0	1	0	0	0	0	494
829	CGT	0	0	1	1	10	0	0	262	0	0	0	0	0	0	5	234
829	GTT	8	4	6	2	1	0	9	117	0	0	0	0	0	0	9	269
829	CAG	0	2	0	0	6	0	51	391	0	0	0	0	1	0	1	135
830	AGT	0	0	0	0	0	0	46	440	0	0	0	0	0	0	6	567
830	CAG	0	0	0	0	1	0	11	488	0	0	0	0	0	0	0	583
830	CGT	0	0	0	0	0	0	0	304	0	0	0	0	0	0	13	1829
830	GAG	0	0	0	0	0	0	0	685	0	0	0	0	0	0	36	897
830	GAT	1516	18	1873	72	174	1	358	1729	2191	5577	17200	304	478	73	8468	1724
830	CAT	0	0	1	0	0	0	0	326	0	0	0	0	0	0	1	742
830	ACT	0	0	0	6	0	0	34	857	0	0	3	0	0	0	8	741
830	GTG	0	0	0	0	0	0	1	350	1	0	2	0	0	0	47	2909
830	GCG	0	0	0	0	0	0	0	440	0	0	1	0	0	0	20	1018
830	GGT	0	0	0	0	0	0	0	454	0	0	2	0	0	0	1	1128
830	TCG	2	0	0	0	0	0	61	828	0	0	0	0	0	0	2	458
830	TCT	0	0	0	0	0	0	1	395	0	0	0	0	0	0	3	628
830	TGT	0	0	0	0	0	0	0	735	0	0	0	0	0	0	2	1426
830	TTG	0	0	0	0	0	0	3	471	29	0	0	0	0	0	8	566
830	ATG	0	0	0	0	0	0	0	558	0	0	0	1	0	0	20	618
830	ATT	0	0	1	0	0	0	0	461	0	0	0	0	0	0	0	509
830	CTT	0	0	0	0	0	0	7	738	0	1	1	1	0	0	28	1284
830	GGG	0	0	0	0	0	0	18	1378	6	0	0	0	0	0	31	862
830	GTT	0	0	0	0	0	0	0	242	9	0	3	0	0	0	27	533
830	TTT	0	0	0	0	0	0	0	420	0	0	0	0	0	0	0	479
830	AAT	0	0	0	0	0	0	0	761	1	1	0	0	0	0	27	811
830	AGG	0	0	0	0	0	0	0	281	0	0	0	0	0	0	2	773
830	CGG	0	0	0	0	0	0	0	408	0	0	1	0	0	0	4	1602
830	GCT	0	0	0	0	0	0	27	282	0	0	1	0	0	0	6	144
830	TAT	0	0	2	0	0	0	47	1682	2	0	0	0	0	0	8	474
830	CCG	0	0	0	0	0	0	0	128	0	0	0	0	0	0	0	377
830	ACG	2	0	0	0	0	0	64	1007	0	0	0	0	0	0	0	824
830	TGG	0	0	0	0	0	0	0	478	0	0	0	0	0	0	0	430
830	TAG	0	0	0	0	0	0	0	567	0	0	0	0	0	0	0	233
830	CTG	0	0	0	0	0	0	0	313	0	0	0	0	0	0	11	666
830	AAG	0	0	0	0	0	0	0	849	0	0	0	0	0	0	0	222
830	CCT	0	0	0	0	0	0	0	263	0	0	0	0	0	0	0	190
831	CCG	8893	1076	4419	176	263	26	5992	230	1	4	1	0	0	0	2	253
831	GCT	539	1730	3558	633	659	104	3903	1124	1500	7459	13523	389	906	128	6708	2726
831	GGG	246	1376	3249	523	186	39	1684	784	0	0	2	0	0	0	0	422
831	GGT	13	162	1381	56	28	8	357	942	0	0	1	0	0	0	4	243
831	TCG	16	69	192	9	2	0	195	1521	1284	2801	3915	192	107	24	4680	3090
831	TCT	3	0	5	0	0	0	114	2032	97	572	526	5	40	5	1233	475
831	TGG	1	0	0	5	0	0	63	1556	0	0	0	0	0	0	21	718
831	GAT	12	3	68	13	8	2	364	1366	0	15	10	0	0	0	8	143
831	GCG	175	1752	2554	402	173	40	1730	1067	34	20	9	12	16	6	451	945
831	TAT	0	0	1	0	0	0	18	815	0	0	0	1	0	0	7	674
831	AAT	4	0	0	0	0	0	59	663	0	0	0	0	0	0	0	438
831	ACT	2	5	5	0	0	1	39	1758	0	1	4	0	0	0	7	440
831	CCT	97	18	50	3	9	0	62	571	3	1	0	0	2	0	4	300
831	CTT	1	0	0	0	0	0	35	559	6	5	0	0	10	0	96	1623
831	GTT	0	0	7	0	2	0	2	242	13	964	8	12	1	0	458	647
831	TTG	27	97	1	7	5	2	419	569	2	0	6	0	0	0	101	1353
831	TTT	6	6	0	9	32	3	262	849	0	0	0	0	0	0	1	373
831	CGT	10	0	1	0	1	0	21	808	0	0	0	0	0	0	35	550
831	CGG	1045	8	104	11	23	4	939	718	1	0	0	0	0	0	0	165
831	AAG	0	0	0	0	0	0	0	128	0	0	0	0	0	0	3	498
831	TAG	0	0	0	0	0	0	2	329	0	1	0	0	0	0	3	169
831	CAT	0	0	0	0	0	0	0	612	1	4	0	0	1	0	83	312
831	AGG	1	0	31	9	18	2	169	373	0	0	0	0	0	0	0	363
831	AGT	3	6	1	9	0	5	147	1769	0	0	0	0	0	0	0	342
831	CAG	0	0	0	0	2	0	5	327	0	0	0	0	0	0	0	720
831	TGT	0	0	1	0	0	0	3	1164	0	0	0	0	0	0	0	392
831	GAG	0	1	3	1	1	0	0	702	6	668	0	1	0	0	63	176
831	ACG	8	0	1	0	0	0	6	325	0	0	1	0	0	0	9	763
831	ATT	0	0	0	0	0	0	3	772	0	0	0	0	0	0	12	367
831	GTG	0	5	7	1	0	0	2	666	0	0	0	2	0	0	17	545
831	ATG	0	0	0	0	0	0	1	534	0	0	0	0	0	0	0	152
831	CTG	3	2	1	0	0	0	3	64	2	1	0	0	1	0	24	166
832	GGG	60	560	959	211	108	29	1703	2219	4801	7744	8448	169	235	57	5115	1705
832	AAT	0	0	0	0	0	0	2	510	0	0	0	0	0	0	91	1780
832	CAG	4	0	1	0	0	0	18	593	0	0	0	0	0	0	8	628
832	CTG	0	0	0	0	0	0	0	655	0	0	0	0	0	0	32	940
832	TCT	0	0	0	0	0	0	57	2435	0	0	1	0	0	0	5	2429
832	AGT	13	1	0	0	0	0	114	621	0	5	0	0	0	0	6	1349
832	ATG	0	0	0	0	0	0	1	719	0	1	0	0	0	0	15	968
832	ACT	0	0	0	0	0	0	0	385	0	0	0	0	0	0	3	1088
832	ATT	0	0	1	0	0	0	14	809	0	0	0	0	0	0	0	597
832	CCT	0	0	0	0	0	0	0	808	0	0	0	0	0	0	0	507
832	GAT	11	3	1	8	3	0	256	1505	1	1	0	0	0	0	32	1327
832	GCG	0	0	0	1	0	0	32	1717	0	2	0	0	0	0	8	638
832	GGT	90	76	68	15	20	0	91	1029	32	39	56	5	13	1	126	976
832	GTT	0	0	0	0	0	0	0	522	0	0	1	0	0	0	6	1133
832	TGG	0	0	0	0	0	0	2	1444	7	6	0	0	0	0	79	1354
832	ACG	0	0	0	0	0	0	0	1983	0	1	0	0	0	0	6	826
832	CCG	0	0	0	0	0	0	0	591	0	0	0	0	0	0	0	599
832	GTG	0	0	0	0	0	0	11	2357	0	1	2	0	0	0	1	2185
832	TAT	0	180	0	0	4	0	40	779	0	0	0	0	0	0	3	868
832	TTT	0	0	0	0	0	0	1	668	0	0	1	0	0	0	2	1044
832	CGT	0	0	0	0	0	0	1	1158	0	0	0	0	0	0	5	829
832	AAG	0	0	0	0	0	0	10	809	0	2	0	0	0	0	12	585
832	AGG	0	0	3	0	0	0	0	1383	0	0	17	0	0	0	30	1259
832	GAG	0	0	0	4	0	0	3	780	1	0	6	0	0	0	2	781
832	TGT	0	0	0	0	0	0	1	1116	0	0	2	0	0	0	3	1702
832	TTG	0	0	0	0	0	0	0	2001	0	0	3	0	0	0	10	1226
832	GCT	0	0	0	0	0	0	1	564	0	0	0	0	0	0	0	1092
832	TAG	0	0	0	0	0	0	0	577	0	0	0	0	0	0	0	2373
832	CTT	0	0	0	0	0	0	5	644	0	0	0	0	0	0	0	658
832	CGG	0	0	1	0	0	0	0	881	0	0	0	0	0	0	2	458
832	CAT	0	0	0	0	0	0	0	306	0	0	0	0	0	0	0	344
832	TCG	0	0	0	0	0	0	14	361	21	0	0	0	0	0	44	894
833	GTG	4	0	0	0	0	0	159	3868	1	1	1	0	0	0	122	2648
833	TAT	5	1	5	18	16	1	213	2391	5524	68	9	55	40	5	1355	1965
833	TTT	68	2339	156	189	81	32	1389	2060	11460	14843	27782	795	1550	174	14166	991
833	AGG	0	0	1	0	0	0	36	1987	0	0	0	0	0	0	10	1031
833	AGT	0	0	1	0	0	0	1	1359	4	0	0	0	2	0	122	2500
833	ATT	0	0	0	0	0	0	2	773	0	1	1	0	0	0	7	353
833	TGT	0	0	1	0	0	0	7	1430	14	1	0	0	0	0	4	799
833	AAG	384	0	0	0	0	0	5	1033	0	0	0	0	0	0	0	569
833	CAG	0	0	0	0	3	0	10	775	0	0	0	0	0	0	52	846
833	CCG	0	0	0	0	0	0	0	219	0	0	0	0	0	0	0	307
833	GCG	2	0	0	0	0	0	46	1190	0	0	0	0	0	0	12	753
833	GCT	0	0	0	0	0	0	13	455	0	0	0	0	0	0	4	945
833	ACT	0	0	0	0	0	0	0	922	0	0	0	0	0	0	0	599
833	ATG	2	0	2	0	0	0	61	709	180	106	9	4	7	5	2096	903
833	CGG	0	0	0	0	0	0	0	406	1	2	0	0	0	0	62	3153
833	GGG	0	4	0	0	0	0	52	1471	0	0	0	0	0	0	13	1139
833	GGT	5	0	0	0	0	0	276	1660	1	0	1	1	0	0	51	1227
833	TAG	0	0	0	0	0	0	5	703	1	0	2	0	0	0	0	1054
833	TGG	0	0	0	0	0	0	0	1242	0	3	0	0	0	0	2	787
833	CCT	8	0	1	0	0	0	29	419	0	0	0	0	0	0	0	187
833	CTG	0	0	0	0	0	0	1	269	0	0	0	0	0	0	2	872
833	GAG	1	0	0	7	17	0	257	1569	0	0	0	0	0	0	24	1616
833	TTG	1	0	4	0	0	0	1	528	18	4	3	0	0	0	75	1815
833	CAT	42	5	957	3	1	0	467	1313	2	0	1	0	9	0	35	952
833	CTT	1	3	4	0	1	0	36	462	10	1	2	0	1	0	29	1170
833	GTT	0	0	0	1	0	0	16	1464	0	0	1	0	0	0	9	984
833	TCG	0	0	0	0	0	0	2	770	0	0	0	0	0	0	9	863
833	CGT	0	0	2	0	0	0	1	579	29	3	1	4	2	0	207	1691
833	TCT	3	1	0	0	0	0	1	643	3	1	2	0	0	0	122	623
833	ACG	0	0	0	0	0	0	0	407	0	1	0	0	0	0	31	123
833	GAT	0	0	0	0	0	0	2	311	0	0	0	0	0	0	2	712
833	AAT	1	0	1	0	0	0	8	82	0	0	0	0	0	0	0	31
834	CTG	3741	1256	7740	1381	603	112	2594	2739	24895	48987	60552	4626	4050	289	16637	750
834	ACG	3417	6245	2188	331	124	23	2844	344	17	116	824	25	9	1	399	534
834	TTG	7797	33420	22918	4675	4079	472	15112	815	435	8961	14440	1163	565	53	3482	889
834	GTT	3350	5005	4788	265	115	42	2403	2584	15293	13535	37675	456	676	86	12680	2685
834	ACT	2879	2462	65	46	16	0	216	1927	27	135	256	3	2	0	83	464
834	AGT	3	5	3	0	0	0	2	480	97	142	2030	88	25	3	1312	2618
834	ATG	16340	8659	26955	2722	1742	248	8716	1066	1325	7977	950	588	409	45	2573	776
834	CAG	2201	1891	687	96	3	0	405	573	3	10	16	0	2	0	7	637
834	GAG	9908	3851	4652	629	415	95	12630	492	5	3	15	7	0	0	67	796
834	GCT	4771	8117	6813	1058	306	51	3470	1380	1677	10556	21531	191	53	11	1679	1326
834	GTG	1949	10385	5588	437	252	52	3611	2137	10937	11553	18301	229	144	29	3320	1256
834	ATT	109	110	59	24	11	4	77	2108	205	197	246	8	9	0	131	1213
834	AAT	19	12	4	24	0	2	77	1833	2283	1127	213	79	28	0	1588	518
834	GAT	70	39	24	27	3	2	665	1399	5	21	70	0	0	0	31	797
834	GCG	1630	933	3389	437	74	23	1872	1220	1014	111	1681	15	23	2	470	1065
834	GGG	567	564	2	153	55	9	1192	1258	321	5089	0	37	15	7	466	855
834	TAT	3566	1558	1044	129	63	8	1569	1879	23	29	439	7	1	3	352	823
834	TCG	11	24	16	6	1	1	10	420	6	8	9	0	1	0	22	312
834	TTT	2300	434	157	92	90	4	777	463	70	85	35	7	6	0	9	357
834	TCT	27	33	15	6	37	1	170	927	44	1178	1363	39	25	3	768	1170
834	AAG	56	36	15	14	3	0	144	497	13	7	2	3	1	0	171	1085
834	CAT	85	28	39	44	2	2	380	293	1	5	121	0	0	0	12	811
834	CCT	2	9	5	0	0	0	5	192	0	15	14	0	0	0	2	973
834	CTT	22	15	9	5	1	0	64	478	105	173	51	31	58	3	190	340
834	TGT	11	2	7	1	2	0	3	1173	3	30	3	1	0	0	0	1650
834	CGG	14	549	0	2	5	1	391	1963	0	12	6	0	0	0	27	676
834	CGT	5	3	0	0	0	0	15	842	2	5	0	0	0	0	0	940
834	GGT	3	5	4	1	0	0	0	932	4	13	4	0	0	0	8	1331
834	TAG	20	17	22	2	2	0	19	1009	0	2	16	1	0	0	1	507
834	TGG	11	6	1	1	1	0	28	1200	0	16	0	0	0	0	24	998
834	CCG	3	5	8	1	0	0	4	492	18	19	27	1	1	0	9	501
834	AGG	5	12	0	0	1	0	5	704	2	30	2	0	0	0	4	669
835	AAT	31	39	27	7	11	0	73	1424	737	94	483	20	13	2	540	1254
835	ACG	8850	5344	6589	527	568	79	3677	1709	9	6	2	0	1	0	6	153
835	ACT	12	8	283	0	3	0	25	519	1087	1113	422	63	50	7	1113	725
835	CAG	201	1735	2376	159	67	43	615	1755	182	5	1	21	26	1	360	871
835	CGT	5	2	0	1	1	0	0	252	12	12	4	1	3	1	175	400
835	GAG	2395	686	2329	404	220	64	6759	2442	44	7	27	1	1	0	22	534
835	GGG	4172	12	198	64	87	4	437	1402	6042	672	6981	217	200	11	2152	1945
835	GGT	6675	3254	4476	823	513	77	4653	896	12406	14578	21796	417	669	77	6672	1951
835	GCG	2	0	2	1	0	0	0	284	14	3	2	3	12	1	236	729
835	AAG	1704	161	622	338	433	76	651	823	149	167	4256	330	257	20	2053	748
835	GTT	379	171	328	54	24	6	999	1269	67	8	9	15	8	2	480	2853
835	AGG	897	33	3939	227	82	6	1612	854	303	4439	2953	186	67	26	3297	803
835	GAT	30	20	16	4	2	0	29	1608	83	76	56	1	2	0	73	1200
835	TAG	11	5	2	2	1	0	6	1318	1	0	0	0	0	0	8	1074
835	TAT	5	1	0	32	1	1	73	808	6	6	1	0	0	0	3	1942
835	TCG	3	1	1	0	7	0	11	640	3	0	0	1	0	0	47	537
835	TGG	11	1	0	0	0	0	0	621	25	5	13	1	2	0	228	633
835	TGT	14	10	1	2	2	1	3	915	50	35	11	0	2	0	5	841
835	TTT	19	15	1	2	2	0	213	2016	7	12	3	0	0	0	0	1080
835	AGT	46	21	36	2	6	0	24	631	840	203	437	23	18	3	643	1277
835	ATG	45	43	558	150	84	49	1550	1396	32	9	7	0	9	0	114	514
835	GTG	15	27	239	3	5	3	338	636	162	2	3	13	21	0	216	1306
835	CAT	21	19	125	74	1	2	546	690	15	1	1	0	1	1	134	435
835	CGG	0	0	0	0	11	0	9	299	12	8	2	1	295	1	408	946
835	CTT	7	127	0	1	0	0	77	677	4	6	0	1	0	0	27	556
835	TCT	9	3	1	55	27	7	221	307	9	7	1	0	0	0	30	981
835	ATT	13	3	7	0	0	2	135	1367	10	11	2	1	0	0	8	1190
835	TTG	4	25	6	9	8	1	130	794	4	5	1	0	1	0	90	968
835	GCT	1	0	1	0	1	0	1	423	1	3	0	0	3	0	1	126
835	CCG	3	2	0	0	0	0	0	682	5	1	0	5	8	0	133	1203
835	CTG	3	0	0	0	0	0	23	576	5	15	265	4	14	1	331	1063
835	CCT	1	0	0	0	0	0	5	440	1	1	0	0	0	0	7	331
836	GTG	16	65	119	17	21	2	212	985	7993	10346	11014	252	251	33	5410	1327
836	AAG	2837	903	7530	233	95	20	2618	1686	6671	1383	1545	41	56	5	880	1940
836	AGT	20	385	124	14	8	4	292	2595	400	3412	1066	133	68	12	2313	2104
836	CAG	249	1928	290	306	264	68	2044	1392	411	656	1603	150	95	15	2658	2422
836	CAT	8969	2976	2335	163	143	15	2349	1096	45	14	948	40	5	2	288	826
836	CTG	17	8	4	4	13	6	196	1058	6577	9501	2778	891	540	128	8619	1982
836	GAG	65	476	215	265	135	38	2087	1981	4745	3139	13435	604	495	105	6606	732
836	TCG	355	158	693	45	35	7	560	693	6033	3689	4758	79	64	9	1907	2328
836	TTG	1	0	0	0	0	0	1	735	1390	1703	1582	148	87	13	1502	835
836	ATG	3	0	1	0	0	0	2	808	61	70	1087	34	10	1	652	1040
836	ATT	30	4	0	1	0	0	144	535	18	3	1	0	0	0	72	746
836	TAG	1	4	9	1	1	0	10	1931	131	71	73	1	2	0	50	964
836	TAT	1	2	0	1	1	0	9	277	3346	6	39	26	5	0	413	1160
836	GCT	0	0	0	0	0	0	15	79	36	273	9762	30	7	13	739	1115
836	ACT	646	416	1189	236	124	22	1728	1684	16	13	776	15	15	0	287	479
836	CCG	57	12	11	11	12	0	121	551	751	61	64	5	3	0	79	866
836	CCT	7	5	13	1	1	0	16	503	2	4	33	0	0	0	4	177
836	CTT	1372	1024	1822	128	40	16	1062	987	1834	16	2	90	66	5	415	475
836	GGG	1142	3	1297	50	10	1	312	1698	71	130	1582	22	5	0	373	1203
836	GGT	5070	701	351	234	19	13	1337	2541	3	3	3	27	7	2	128	370
836	GTT	3098	1409	617	121	85	18	1903	2206	9	9	6	0	0	0	11	620
836	TGG	9	7	0	24	0	2	118	1960	2	2	1	0	0	0	32	694
836	TGT	3	0	0	0	0	0	3	458	0	1	0	0	0	0	19	1514
836	AAT	19	6	13	11	79	0	112	692	18	36	181	8	2	0	176	586
836	ACG	1	153	3	47	0	0	94	425	3073	1035	957	18	53	4	783	1302
836	AGG	3	0	3	24	6	0	42	1461	5	12	8	11	0	0	56	813
836	CGT	5	3	2	0	0	1	49	802	9	10	4	16	0	0	186	1021
836	GAT	47	26	6	12	1	0	97	569	5	7	178	3	2	0	78	574
836	TTT	17	153	3	5	11	0	271	791	52	283	144	40	66	99	811	934
836	TCT	2	0	2	0	0	0	2	203	5	17	1703	15	1	1	366	746
836	GCG	1	0	0	0	0	0	4	398	15	15	14	26	0	3	110	470
836	CGG	1	1	3	1	1	0	0	1158	2	3	2	1	2	0	10	850
837	CAT	40636	24902	39801	4796	2421	454	21025	1089	660	5324	3411	108	107	21	1688	2098
837	ATG	74	19	5	4143	6186	120	1219	1009	87	39	4	8146	4296	103	1821	1109
837	TAT	5654	4742	7325	1033	728	145	6604	1596	46	152	220	20	14	0	132	409
837	TGG	33	46	64	45	58	1	15	1226	297	2641	15096	1384	1566	73	1397	706
837	TTG	165	69	12	2407	1848	72	4798	1332	41	10	18	104	70	6	276	836
837	ATT	5	3	0	18	49	0	209	1071	5	12	0	58	52	2	346	807
837	AAG	1	2	0	3	9	0	5	829	4	1	0	14	9	0	1	545
837	CAG	89	35	8	26	91	26	2149	1251	86	144	1	24	63	13	1467	1381
837	CTG	22	51	5	356	233	22	1038	3465	19	1	9	132	2	1	460	938
837	TAG	10	14	21	16	21	0	110	2293	7	26	150	15	15	0	53	387
837	TCG	0	4	1	0	2	0	99	948	41	28	7	39	52	13	1086	1416
837	AAT	97	62	29	13	19	0	51	828	2	8	11	8	2	2	104	780
837	ACT	21	9	3	6	30	2	331	1526	59	9	20	11	13	1	758	1521
837	AGT	2	0	1	0	0	0	2	777	40	13	4	12	28	6	686	978
837	CCT	2	2	1	0	2	0	5	657	0	0	0	0	0	0	1	1265
837	CGT	21	17	12	5	2	0	10	464	0	1	4	0	0	0	3	652
837	GAG	41	20	0	2	5	14	1310	608	2	5	1	1	0	1	196	991
837	GAT	89	45	6	10	8	0	422	1061	17	9	0	0	5	0	109	995
837	GTG	15	358	0	18	21	15	729	952	15	0	81	6	0	1	175	1040
837	GTT	92	75	3	108	137	36	1908	2730	0	0	1	0	0	0	23	798
837	TGT	9	13	17	1	16	0	7	778	6	31	210	14	24	0	29	1025
837	ACG	5	0	0	0	1	0	170	1250	0	0	0	0	1	0	3	221
837	CGG	2	1	5	2	2	0	4	1046	0	1	9	1	0	0	17	673
837	TCT	0	0	0	0	1	0	14	572	71	25	107	18	19	4	1167	1572
837	AGG	7	2	0	1	1	1	44	489	0	0	7	1	1	0	2	831
837	CTT	7	7	12	5	3	0	11	551	9	10	2	110	82	6	480	1235
837	GCG	17	28	0	0	55	6	590	1051	0	0	0	8	9	0	89	766
837	GCT	3	1	0	0	0	0	20	492	62	4	2	16	34	2	703	683
837	CCG	0	0	0	0	0	0	0	363	0	0	1	0	0	0	1	1280
837	TTT	2	4	1	32	38	0	115	850	13	254	32	23	59	10	655	1079
837	GGG	0	1	0	0	0	0	80	1649	11	0	2	0	0	0	8	1384
837	GGT	0	0	0	0	0	0	2	387	0	0	0	0	0	0	13	1243
838	AAG	31	101	49	2	289	14	1540	872	0	1	0	0	0	0	6	409
838	AGG	285	525	521	142	155	36	4667	1479	139	41	27	25	28	10	3168	847
838	GCG	18	146	0	151	24	11	898	1717	4	7	1	2	6	0	17	737
838	GGT	9206	13432	7137	2200	1508	237	10968	1719	897	1372	93	24	123	7	823	1443
838	GTT	67	21	52	4	8	5	1104	327	13	11	3	0	0	0	61	1549
838	TAT	1	0	0	0	0	0	1	595	3	2	0	3	0	0	48	447
838	TGG	1	9	3	39	59	10	309	1200	3451	1480	2639	1246	543	26	4813	1998
838	TGT	3	8	5	4	11	0	5	1047	59	31	32	11	19	0	83	1013
838	TTT	37	143	193	1476	1149	46	945	746	2721	5081	25	250	172	36	1618	550
838	GAG	1	1	0	0	0	0	4	408	0	1	1	0	0	0	45	996
838	TTG	0	0	2	1	1	0	0	497	180	11	3	1	4	0	242	1151
838	AAT	78	12	1	15	49	13	1542	1110	1	0	0	0	0	0	30	266
838	CGT	12	14	309	7	36	10	1956	2065	16	5	1	1	6	0	371	527
838	ACT	147	1605	1567	176	316	27	3179	406	1	0	0	3	1	0	180	868
838	ATT	17	7	1	3	15	1	737	1454	9	1	923	0	0	0	36	744
838	CCG	0	0	0	0	0	0	0	778	1	1	0	0	0	0	18	1144
838	GAT	0	3	0	0	1	0	4	594	26	8	0	7	22	2	592	1004
838	GGG	869	410	1887	212	734	33	1252	1492	80	2898	5787	98	42	13	779	1527
838	TCG	340	2	0	16	1	5	222	566	461	1865	382	610	2193	107	5730	875
838	AGT	19	27	434	57	8	14	455	1190	18	7	6	87	20	1	456	1254
838	ATG	20	0	0	3	5	5	270	1536	0	4	1	0	0	0	70	1077
838	ACG	0	0	0	0	0	0	96	845	20	6	0	21	6	0	309	531
838	CGG	31	65	0	7	8	2	738	1257	20	2	1	2	15	0	316	2092
838	GTG	9	0	1	1	3	0	97	810	0	1	0	3	1	1	22	393
838	GCT	6	36	22	1	6	0	55	1281	525	374	6	118	91	14	1501	384
838	CAT	0	0	0	0	0	0	0	139	0	0	0	0	0	0	0	343
838	CTG	0	0	1	0	0	0	57	970	0	0	0	0	0	0	0	321
838	CAG	0	0	0	0	0	0	0	617	0	0	0	0	0	0	0	341
838	CCT	1	1	0	0	0	0	5	508	0	0	0	0	0	0	1	612
838	TCT	2	3	0	20	0	9	323	893	21	22	5	14	28	1	310	247
838	CTT	0	1	0	0	0	0	13	506	0	0	0	0	0	0	7	266
838	TAG	0	1	0	0	1	0	0	436	1	3	1	1	6	0	7	922
839	AAT	13	12	14	6	3	0	7	184	12765	31284	26677	268	197	28	3107	949
839	TCG	11	6	3228	4	3	0	78	943	26	694	700	7	0	1	200	106
839	TGT	0	1	1	0	0	0	2	197	6	0	2	0	0	0	23	2968
839	TTG	12	1	2	3	1	0	107	152	2547	1609	2054	8	4	2	576	343
839	ATG	1	3	2	1	0	0	0	95	65	1841	2997	40	75	7	1319	1273
839	ACG	10516	12146	7396	372	233	40	5726	298	10	5	6	0	1	0	16	14
839	CCG	1	6	3	1	0	0	1	34	3052	328	4450	5	12	1	612	51
839	AGT	2	0	1	0	2	0	1	79	9581	1376	7859	78	101	12	939	319
839	CAG	0	0	0	0	0	0	0	6	15	2	88	0	0	0	22	12
839	CCT	596	24	4224	37	48	1	1152	907	26	7	41	0	0	0	2	402
839	AAG	33	43	35	1	0	0	15	55	1	6	10	1	0	0	8	72
839	CAT	5	0	106	0	1	0	20	578	10	5	14	0	0	0	2	423
839	GAT	6	9	16	1	1	0	12	301	58	104	86	1	2	0	25	930
839	ACT	104	117	89	5	4	0	61	181	6	337	5	0	6	0	107	66
839	TTT	1	0	0	1	0	0	50	274	5	4	12	0	0	0	1	436
839	GCG	52	80	55	3	2	0	33	218	21	7	19	0	1	0	4	113
839	GCT	16	24	39	5	3	0	73	468	6	5	4	1	0	0	45	361
839	GAG	7	8	3	0	0	0	3	21	5	1	5	0	1	0	3	379
839	GTT	0	0	0	0	0	0	0	695	4	81	1	15	3	1	267	372
839	TAT	0	1	6	0	1	0	50	959	11	28	7	2	0	0	5	158
839	ATT	0	0	0	0	0	0	0	1180	12	10	13	0	1	0	11	563
839	TCT	0	0	49	0	0	0	1	155	0	7	13	0	0	0	7	124
839	CGT	0	0	4	8	0	0	23	158	12	1	1	0	0	0	5	609
839	CTT	0	2	0	0	0	0	2	416	2	1	71	5	2	1	232	787
839	GTG	0	1	0	0	1	0	1	162	20	11	20	0	0	0	6	95
839	TAG	0	4	39	0	0	0	1	85	12	8	20	0	0	0	5	11
839	TGG	1	233	2	3	15	0	95	427	1	0	6	0	0	0	4	126
839	GGT	0	0	0	0	0	0	2	243	19	0	20	0	0	0	6	383
839	CGG	0	0	0	0	0	0	0	79	483	1	2	7	1	3	146	194
839	CTG	0	0	0	0	0	0	1	183	3	1	1	0	0	0	8	139
839	AGG	1	0	1	0	0	0	1	14	2	0	5	1	0	0	3	81
839	GGG	0	1	0	0	0	0	1	286	1	0	0	0	0	0	0	33
840	ACT	0	0	0	0	0	0	0	1014	0	0	0	0	0	0	0	488
840	ATT	0	0	0	0	0	0	0	776	0	0	0	0	0	0	0	573
840	GGG	0	0	0	0	0	0	1	635	0	0	0	0	0	0	0	572
840	GTT	0	0	0	0	0	0	0	620	0	0	0	0	0	0	2	853
840	TAT	0	0	0	0	0	0	0	378	0	0	0	0	0	0	3	1043
840	CAG	0	0	0	0	0	0	4	1474	0	0	0	0	0	0	0	656
840	ACG	0	0	0	0	0	0	11	579	0	0	0	0	0	0	4	1205
840	ATG	0	0	0	0	0	0	0	425	0	0	0	0	0	0	0	774
840	GCG	0	0	0	0	0	0	0	428	0	0	0	0	0	0	0	1308
840	GGT	0	0	0	0	0	0	1	1444	0	0	0	0	0	0	4	1554
840	TCG	0	0	0	0	0	0	1	457	0	0	0	0	0	0	2	543
840	TCT	0	0	0	0	0	0	5	2519	0	0	1	0	0	0	0	622
840	TGT	1005	949	6	128	55	12	467	1683	12	13	130	3	10	9	332	1961
840	AAT	0	0	0	0	0	0	1	446	0	0	0	0	0	0	0	428
840	CGG	0	0	0	0	0	0	0	221	0	0	0	0	0	0	0	1037
840	GAG	0	0	0	0	0	0	0	434	0	0	0	0	0	0	0	535
840	TTT	0	0	0	0	0	0	1	1704	0	0	0	0	0	0	0	1540
840	AGT	0	0	0	0	0	0	0	2272	0	0	0	0	0	0	0	275
840	AGG	0	0	0	0	0	0	0	1104	0	0	0	0	0	0	0	1126
840	CTT	0	0	2	0	0	0	0	1735	0	0	1	0	0	0	1	1713
840	GCT	0	0	0	0	0	0	0	1534	0	0	0	0	0	0	0	694
840	GTG	0	0	0	0	0	0	0	1362	0	0	0	0	0	0	0	728
840	AAG	0	0	1	0	0	0	0	818	0	0	0	0	0	0	0	484
840	CGT	0	1	0	0	0	0	1	142	0	0	0	0	0	0	0	771
840	GAT	0	0	0	0	0	0	5	585	0	0	0	0	0	0	0	1173
840	CCG	0	0	0	0	0	0	0	358	0	0	1	0	0	0	0	379
840	CAT	0	0	2	0	0	0	0	1685	0	0	0	0	0	0	0	609
840	TGG	0	0	0	0	0	0	2	1106	0	1	0	0	0	0	0	901
840	TTG	0	0	0	0	0	0	0	815	0	0	0	0	0	0	0	708
840	TAG	0	0	0	0	0	0	10	665	0	0	0	0	0	0	0	639
840	CCT	0	0	0	0	0	0	0	232	0	0	0	0	0	0	0	465
840	CTG	0	0	0	0	0	0	0	655	0	0	0	0	0	0	0	400
841	ACG	1293	15	1108	84	32	7	308	390	8381	7233	22932	1552	2321	242	12873	662
841	AGG	35	6	12	162	88	4	690	2807	13750	4206	13098	518	463	47	4241	770
841	ATG	17	8	674	7	93	1	135	627	24164	21987	38923	1485	1077	140	5647	1456
841	CAT	824	1437	1320	107	37	3	462	844	4	3	2	1	2	0	15	572
841	CCG	17	5	10	0	1	0	17	1148	90	100	113	19	20	0	66	203
841	CGT	76	1159	728	188	132	17	1238	2557	26	9	23	0	2	0	20	495
841	GGG	44	477	69	138	213	16	1474	1792	7	4	3	6	0	0	91	1788
841	GGT	1	4	2	0	0	0	87	780	322	430	3091	122	305	41	7021	752
841	GTG	24	11	3	48	46	8	837	591	9	14	6	0	12	0	54	935
841	GTT	508	1	2	52	1	5	497	1176	10	5	51	0	3	0	164	399
841	TCG	6332	7	1318	3	65	1	163	1190	7402	9163	22322	336	635	57	5667	1272
841	TGG	2	1	4	1	2	0	2	678	912	5	5	41	17	0	921	1473
841	GAG	0	1	0	0	0	0	10	234	7	7	0	0	17	3	437	262
841	CTT	110	1682	602	222	272	48	1547	1719	5973	211	1046	149	275	30	2616	790
841	AAG	1	0	0	0	0	0	24	629	154	16	6	8	60	0	423	667
841	ACT	464	947	25	65	209	18	903	1147	77	60	345	5	18	0	225	654
841	CAG	2	0	3	0	0	0	0	510	5	2	3	1	23	0	58	1390
841	CGG	4480	1616	5191	246	109	20	1385	1565	669	66	71	18	13	0	115	822
841	TAT	3	1	0	0	2	0	1	1022	4308	2014	421	158	154	16	3071	971
841	TCT	89	379	22	12	17	0	88	474	114	95	438	7	11	0	147	423
841	TTT	8	3	22	3	3	0	29	643	29	18	15	0	2	0	35	444
841	GCG	15	837	583	93	79	9	601	595	30	861	10	5	0	3	304	1065
841	AGT	1	1	2	2	2	0	18	652	131	29	185	6	31	1	354	799
841	ATT	1005	9	95	35	20	8	656	1981	200	3310	532	13	11	2	213	803
841	CTG	92	413	974	7	35	10	197	1431	335	209	2153	75	60	14	842	1000
841	TTG	32	12	857	6	101	7	530	518	59	71	48	79	60	1	497	360
841	AAT	3	0	1	30	38	4	89	920	2	1	1	0	0	0	3	392
841	TAG	3	0	1	0	0	0	6	2660	17	4	3	0	0	0	5	548
841	GAT	15	10	0	47	10	0	269	642	0	0	0	0	1	0	34	397
841	GCT	0	9	9	2	0	0	15	211	1	39	12	12	0	0	56	968
841	TGT	0	0	0	0	0	0	0	167	8	1	0	0	0	0	34	495
841	CCT	6	7	5	1	1	0	8	247	16	14	43	4	4	0	30	427
842	AAT	2	5	17	1	5	0	63	680	1	1046	2	3	96	2	105	600
842	AGG	1659	1054	1902	493	190	30	4675	540	15	9	149	18	16	3	365	940
842	AGT	496	17	483	61	34	8	550	1132	0	7	4	15	0	0	37	816
842	CAG	5463	4740	10924	2146	1700	336	17379	285	1199	4128	5266	287	174	35	4886	1075
842	GAG	1584	132	1616	254	221	16	2705	1169	22	26	32	52	42	8	624	1382
842	GGG	13	11	20	8	4	0	26	652	2247	4568	10941	472	338	64	6838	835
842	CAT	39	38	200	12	11	0	249	741	12	33	741	6	3	3	251	571
842	CGG	21	42	1288	32	5	6	549	414	13	6	8	0	1	2	188	836
842	GAT	17	10	62	3	4	0	92	394	3	15	21	38	3	2	128	216
842	TTG	87	43	7	30	59	4	1026	1961	7	2	0	0	0	2	300	998
842	ATG	0	4	0	0	19	0	66	624	12	0	0	0	0	0	11	563
842	GGT	58	13	1093	103	110	13	702	648	844	3306	785	125	56	8	1525	1640
842	GTG	20	22	16	20	7	4	582	1152	1	4	326	1	0	0	296	2094
842	TAT	0	1	2	0	0	0	1	877	4	0	2	0	2	0	149	893
842	AAG	169	134	780	131	82	11	1519	2667	5	16	6	1	1	0	28	184
842	TGG	1	5	3	1	0	0	2	378	1	0	1	0	0	0	5	965
842	CCT	0	0	1	1	0	0	0	843	0	0	0	0	0	0	1	79
842	GCT	0	0	0	1	1	0	1	313	442	0	0	26	17	1	425	338
842	TTT	1	2	0	14	0	0	86	977	0	2	45	3	2	0	57	845
842	ATT	42	0	0	0	0	0	14	667	17	0	2	14	0	0	89	1105
842	CGT	3	6	39	1	1	0	41	225	2	7	26	1	0	0	63	785
842	CTT	0	0	0	0	0	0	1	384	0	0	0	0	0	0	9	610
842	TCT	0	0	0	0	0	0	0	926	35	8	527	14	12	2	491	842
842	TGT	0	0	1	1	0	0	8	1109	18	1	9	3	0	0	270	1035
842	TAG	16	7	3	5	0	0	5	543	10	12	4	1	0	0	8	984
842	CCG	1	0	3	1	0	0	8	974	0	4	0	0	0	0	15	256
842	TCG	1	0	0	0	0	0	0	183	0	0	1	0	0	0	0	276
842	GTT	1	0	0	11	15	0	101	748	31	6	5	3	5	0	386	852
842	ACT	0	0	21	0	0	0	34	230	0	0	0	0	0	0	5	249
842	GCG	0	0	1	0	0	0	25	669	0	2	0	0	0	0	7	534
842	CTG	0	1	1	2	1	0	5	300	0	2	2	2	0	0	20	421
842	ACG	0	0	1	0	0	0	0	613	10	2	2	70	21	2	308	682
843	GAT	29	9	251	55	8	2	73	896	138	3162	1134	199	364	38	2448	731
843	GGG	14	97	2387	59	3	10	562	1165	707	456	25	80	69	13	2482	929
843	TAG	0	0	0	0	0	0	10	2524	8	2	0	0	0	0	1	853
843	CGG	0	0	0	0	0	0	2	596	11	6	0	8	1	1	109	642
843	TGT	0	0	0	0	0	0	0	981	0	0	0	0	0	0	1	1043
843	AAT	0	0	0	0	0	0	18	702	56	1	0	2	12	0	294	383
843	ACT	0	0	0	0	0	0	1	242	0	0	0	0	0	0	9	565
843	AGG	0	0	1	0	0	0	0	992	2	0	0	0	0	0	55	684
843	AGT	1	6	0	1	0	1	115	761	17	1	0	0	5	0	116	2033
843	GTT	0	0	1	0	0	0	2	658	11	2	1	19	0	0	203	692
843	TCG	0	0	0	0	0	0	0	462	1457	6	0	0	6	0	95	839
843	TCT	12	247	420	38	0	0	202	491	12	0	0	0	0	0	0	135
843	CAT	14	3	3	0	3	0	124	582	2	0	3	0	0	0	24	489
843	GTG	1	0	15	1	0	0	96	1903	7	0	0	0	0	0	76	634
843	TAT	0	1	2	0	0	0	2	498	1	0	0	0	0	0	9	457
843	TTT	0	0	1	4	0	0	7	288	0	2	1	0	0	0	3	2260
843	CAG	940	603	14	68	40	17	1412	328	1	0	0	0	0	0	1	517
843	ATT	0	0	0	0	0	0	53	618	5	0	0	0	0	0	25	410
843	CCT	0	0	0	0	0	0	1	937	0	0	0	0	0	0	0	351
843	GCG	2	0	3	0	4	0	42	463	768	10	220	27	33	5	1217	1622
843	GGT	31	8	1469	19	5	10	558	488	10	11	1	1	32	9	248	670
843	AAG	0	1	0	0	0	0	6	495	17	0	0	0	0	1	234	426
843	ACG	0	0	0	0	1	0	99	540	0	0	0	0	0	0	14	122
843	CGT	0	0	0	0	0	0	0	224	1	3	0	0	0	0	456	688
843	CCG	0	0	0	0	0	0	10	290	0	0	0	0	0	0	0	69
843	TGG	0	0	1	0	0	0	0	533	0	0	0	0	0	0	20	110
843	CTT	1	0	0	0	0	0	22	408	0	2	0	0	1	0	54	740
843	GCT	0	1	1	0	0	0	3	169	16	1	1	0	0	0	23	249
843	ATG	0	0	0	0	0	0	9	1098	0	0	0	0	0	0	16	305
843	CTG	2	0	0	1	0	0	95	908	0	0	0	0	0	0	3	397
843	GAG	7	8	45	2	0	0	42	383	7	1	5	0	0	0	121	305
843	TTG	0	0	0	1	0	0	28	275	0	0	0	0	0	0	8	280
844	ACT	32	23	19	12	13	0	170	569	2307	1081	1131	107	234	17	1532	544
844	ATG	25	36	342	52	60	10	430	652	9288	40	3190	60	102	12	2108	963
844	CCG	5	0	0	0	0	2	37	764	1	0	0	0	0	0	0	254
844	CGT	1183	4	162	68	208	11	393	1341	38	141	1419	77	47	9	857	2085
844	GCG	0	0	1	0	0	0	9	592	0	0	0	0	0	0	20	992
844	GCT	101	680	1340	199	287	18	2116	222	2	2	2	0	0	0	20	449
844	GGG	30	0	2	62	57	3	297	1530	995	24	806	113	112	9	1200	1508
844	GTG	6	2626	92	59	113	7	363	1093	67	12	1599	5	25	8	527	756
844	GTT	149	49	4068	90	80	5	527	902	1754	573	7566	200	323	43	3866	1056
844	TAG	3	0	2	0	0	0	1	471	8	1	2	0	0	0	1	556
844	TTT	43	15	10	10	5	3	84	626	337	3417	4346	295	269	31	5195	485
844	AAG	1423	753	771	402	228	24	2043	567	1	1	0	18	0	0	16	1233
844	TGG	1041	1858	2039	135	54	1	1098	1187	1226	2098	2975	102	150	8	1958	944
844	ACG	11	1	0	0	0	0	3	354	89	147	13	49	102	4	2338	1259
844	TCG	1833	6	0	1	63	1	245	431	2787	19	208	10	59	4	473	337
844	CTT	5694	1838	4982	617	393	49	4628	913	31	4	1539	39	24	0	496	1689
844	GAG	168	4	115	121	3	4	526	439	2	0	1	0	0	0	22	715
844	GGT	4	3	695	4	0	1	189	1028	30	3	12	1	8	0	193	587
844	TGT	22	31	21	8	0	0	22	687	17	40	37	0	2	0	32	499
844	TTG	28	24	29	6	7	0	76	536	2307	408	5982	65	168	19	4117	1715
844	AGT	61	23	6121	334	190	22	1445	833	10	12	20	0	23	1	283	653
844	CAG	1	0	0	0	0	0	1	493	0	0	0	0	0	0	0	558
844	CGG	191	92	107	354	512	6	1227	1345	17	15	207	46	93	6	644	529
844	TCT	1712	8	0	41	282	3	437	554	56	5	4	0	7	0	102	459
844	CCT	4	3	17	0	3	0	181	950	8	2	0	0	1	0	213	561
844	ATT	103	55	237	46	28	0	135	889	215	65	191	9	32	0	170	232
844	AGG	1	2	13	11	9	1	12	582	24	3	18	12	13	0	202	613
844	TAT	51	1	24	10	0	0	12	294	3	2	2	9	20	0	105	1306
844	CTG	5	3	3	7	5	0	18	405	5	5	5	0	2	0	144	494
844	AAT	18	18	7	3	2	0	22	87	11	8	0	4	32	2	168	432
844	GAT	6	2	1	0	2	0	5	620	0	0	0	0	0	0	0	392
844	CAT	0	0	1	1	0	0	2	316	0	0	0	0	0	0	0	456
845	AAG	2655	293	781	958	694	36	4115	1232	185	36	1709	129	99	10	1880	1582
845	ACT	166	6	9	20	14	2	161	754	3251	1794	4049	189	111	18	2519	549
845	AGG	26	477	485	33	137	12	618	485	19	13	1	60	109	2	487	966
845	AGT	445	1462	1230	252	101	27	1667	629	0	0	0	0	0	0	66	1269
845	GAT	1119	1632	536	449	102	30	3708	1014	0	2	6	0	0	0	4	223
845	GCT	13	20	825	26	6	0	69	1193	2494	2843	19933	663	2459	148	9544	1067
845	TGT	3	2	5	2	1	0	30	146	0	1	1	0	0	0	7	2118
845	GGG	1081	25	315	39	2	2	124	1189	0	1	0	16	0	0	38	610
845	ATT	2	1	230	11	0	0	97	937	0	0	10	0	0	0	4	145
845	CAG	191	3428	4854	901	401	54	4510	470	4	9	2	1	10	0	217	389
845	CCG	15	29	8	59	49	3	237	547	1016	1129	2070	153	1783	127	8281	1942
845	CGG	87	2384	119	366	254	15	1710	382	14	7	6	47	17	0	429	1364
845	GGT	655	981	76	92	62	6	444	617	6	1552	2	3	39	0	185	258
845	TCG	24	71	0	10	24	5	319	995	1	2	1	0	1	0	7	458
845	TCT	1	0	0	1	0	2	19	376	4	13	12	8	38	3	316	400
845	TAT	4	3	40	31	1	3	251	844	1	0	0	2	0	0	11	519
845	CAT	2	21	36	3	3	0	40	173	0	0	0	0	0	0	26	399
845	CCT	1	10	2	42	2	1	41	234	22	9	28	1	3	0	105	583
845	CTG	0	7	1	0	0	0	4	457	4	0	4	0	0	0	42	217
845	CTT	121	57	2	45	47	7	1741	832	0	0	0	0	0	0	0	219
845	GTG	3867	43	51	143	53	11	1280	1936	13	5	0	75	2	0	210	841
845	GTT	27	3	4	3	0	0	20	206	26	619	4283	58	32	8	1418	300
845	TGG	384	171	542	60	99	6	2217	1862	0	0	0	0	0	0	18	465
845	TAG	1	6	5	3	1	0	1	556	0	0	0	0	0	0	0	657
845	AAT	189	24	1275	375	366	33	1660	419	1	2	16	2	4	5	155	1243
845	ATG	2	5	1	0	2	0	23	950	11	9	445	3	26	7	559	271
845	GAG	9	3	5	2	3	0	7	505	0	0	1	2	1	0	68	371
845	TTG	1	2	2	0	0	0	4	674	18	197	1	3	0	0	408	661
845	CGT	0	25	0	3	32	0	88	1291	0	0	0	0	2	0	15	159
845	GCG	23	4	6	13	17	0	82	523	14	105	3	9	5	7	199	571
845	TTT	1	0	0	0	0	0	0	224	0	0	0	0	0	0	5	248
845	ACG	9	4	2	1	45	3	52	759	3	0	2	0	4	0	12	378
846	GAG	42	7	0	95	86	3	888	866	792	698	2	20	26	11	2140	1091
846	ACT	16	1	16	0	0	0	14	493	91	358	467	100	117	15	1771	441
846	CCT	1	0	0	0	0	0	14	121	1	0	0	0	0	0	2	251
846	GAT	1	0	0	2	2	0	36	527	20	2	0	1	6	0	89	551
846	GTG	40	5	124	1	26	9	391	2114	2	0	3	0	0	0	5	975
846	TCG	345	4	2	2	8	1	101	825	1285	4212	10127	6409	35414	1422	5801	1007
846	ATT	0	0	0	0	0	0	0	184	0	0	4	0	0	0	2	418
846	TTT	8	0	0	0	0	0	26	643	0	0	0	0	0	0	23	397
846	AGG	7	0	31	116	68	2	375	701	0	5	0	0	0	0	55	1954
846	GCT	6	403	783	40	53	13	511	724	550	45	4940	147	77	11	1817	451
846	ACG	2740	23	1963	174	125	18	1048	795	4	2	949	12	6	0	213	1288
846	AAT	0	0	0	0	0	0	0	842	5	2	0	15	6	0	145	428
846	ATG	1	0	0	1	1	0	0	293	5	3	1051	0	0	0	193	820
846	CAG	0	0	0	0	0	0	0	156	0	0	0	0	0	0	0	5
846	CGT	0	0	0	1	0	0	1	1701	69	35	1	42	72	3	670	120
846	GGT	1	0	0	0	2	3	62	723	4	0	0	0	0	0	11	526
846	AAG	3	0	0	0	0	0	20	349	3	0	0	8	2	0	93	687
846	CTG	0	0	1	0	0	0	0	237	17	8	0	1	0	0	506	524
846	TTG	0	0	0	0	0	0	0	237	0	0	3	2	13	0	1	718
846	TAG	0	0	0	0	0	0	0	945	0	0	0	0	1	0	0	198
846	TGT	0	0	0	0	0	0	1	978	0	0	0	0	0	0	1	339
846	CTT	4	0	0	0	0	0	0	532	0	1	0	0	0	0	9	315
846	GTT	12	6	36	8	12	3	369	331	17	0	2	1	0	0	61	573
846	CAT	0	0	0	0	0	0	1	173	0	0	0	0	0	0	0	0
846	TAT	0	0	0	0	0	0	0	310	0	0	1	0	0	0	0	168
846	CGG	0	0	0	0	0	0	0	151	0	0	0	0	0	0	0	78
846	GCG	92	3	13	27	14	3	273	924	16	36	87	52	249	1	53	536
846	GGG	21	5	0	50	44	9	251	807	680	0	0	38	0	3	156	1388
846	CCG	1	0	0	1	0	0	0	422	0	1	7	1	1	2	1	309
846	TGG	0	0	0	0	0	0	0	329	0	0	0	0	0	0	1	493
846	AGT	48	2	25	75	14	13	692	2027	0	0	1	0	0	0	7	539
846	TCT	3	2	0	2	4	0	129	174	6	15	122	13	127	0	83	398
847	CCT	0	0	0	0	0	0	0	215	0	0	1	0	0	0	117	869
847	CGT	41	1	262	31	57	1	280	1249	18	117	2	48	2	0	288	612
847	GAG	293	373	386	326	843	114	9871	890	139	62	2	108	325	21	2657	456
847	GCG	0	0	0	0	0	0	2	388	318	91	6	32	115	22	2369	1483
847	GAT	21	3	0	58	29	6	597	655	8	3	0	2	7	1	259	514
847	ACG	74	14	379	34	71	50	2523	817	3	0	0	0	1	0	42	376
847	AAG	573	2	3	56	5	1	222	453	2196	459	0	42	64	4	860	664
847	CAT	38	15	11	193	205	31	1519	876	1	0	0	0	0	0	0	204
847	TCT	0	1	0	0	0	0	12	391	364	474	2963	138	225	25	4444	547
847	TTT	15	9	7	0	0	2	638	1439	0	1	0	0	1	0	2	198
847	AAT	2	0	0	2	1	0	121	813	2	0	0	0	0	0	2	103
847	AGT	1	0	10	1	1	3	56	803	3	1	11	0	0	0	38	549
847	ATG	1	0	0	0	0	0	17	643	1308	17	228	21	35	3	1156	1203
847	CTG	0	0	0	1	0	0	23	600	14	79	14	8	3	17	455	510
847	GCT	10	2	1	12	111	8	540	1108	46	57	939	33	3	1	585	225
847	GGG	29	263	252	95	38	18	1008	679	16	2	0	4	15	2	146	983
847	GGT	0	0	1	0	0	1	19	516	6	9	10	11	2	6	284	594
847	GTG	4	4	70	8	2	0	235	809	0	0	0	0	0	0	27	288
847	AGG	3	6	12	62	64	2	377	609	8	0	0	6	3	4	72	490
847	TTG	1	0	0	8	7	0	79	1046	45	12	6	9	22	2	1048	547
847	CAG	0	0	0	1	0	0	8	432	0	0	0	0	0	0	5	221
847	TAG	0	0	0	1	0	0	11	2609	0	0	0	0	0	0	4	848
847	TGT	0	0	0	0	0	0	17	1923	4	2	18	0	0	0	30	1382
847	ATT	0	0	0	0	0	0	32	826	5	0	0	1	0	0	40	546
847	TAT	4	0	0	0	0	0	11	1414	1	0	0	0	0	0	12	210
847	GTT	0	0	0	1	1	0	12	983	25	10	8	2	2	0	498	1603
847	TCG	2	5	0	20	23	11	427	488	1	4	0	1	0	1	195	489
847	ACT	2	0	1	0	1	0	2	878	1	3	29	0	1	0	75	383
847	TGG	11	1	0	0	0	0	25	501	14	0	0	4	2	3	253	866
847	CTT	0	0	0	0	0	0	8	189	0	0	0	0	0	0	0	389
847	CCG	0	0	0	0	0	0	0	107	2	0	0	0	0	0	2	703
847	CGG	0	0	0	0	0	0	4	167	3	3	0	1	9	1	158	498
848	CGT	0	0	0	0	0	0	0	745	0	0	0	0	0	0	1	1515
848	GAG	154	331	2	176	318	126	4627	1173	77	4	4	1	49	1	307	1044
848	ATG	0	0	0	0	0	0	0	1960	0	0	0	0	0	0	0	1791
848	TAT	0	0	1	0	0	0	3	1782	0	0	0	0	0	0	0	643
848	AGG	0	0	0	0	0	0	0	1472	0	0	0	0	0	0	0	1804
848	CAG	0	0	0	0	0	0	0	772	0	0	0	1	0	0	2	818
848	GCT	0	0	0	0	0	0	0	1003	0	0	0	0	0	0	1	862
848	GGG	0	0	0	0	0	0	0	1127	0	0	0	0	0	0	3	2038
848	TGT	0	0	0	0	0	0	0	1076	0	0	0	0	0	0	0	1107
848	TTT	0	0	0	0	0	0	1	1340	0	0	0	0	0	0	0	1597
848	GAT	56	68	48	63	63	1	66	753	1374	673	1838	355	188	31	2506	1200
848	CCT	0	0	0	0	0	0	0	956	0	0	0	0	0	0	0	630
848	CTG	0	0	0	0	0	0	0	1558	0	0	0	0	0	0	0	987
848	GTG	0	0	0	0	0	0	0	609	0	0	0	0	0	0	6	1630
848	TTG	0	0	0	0	0	0	1	1761	0	0	0	0	0	0	2	2162
848	AAT	0	0	0	0	0	0	1	504	0	0	2	0	0	0	0	1131
848	ATT	0	0	0	0	0	0	0	1129	0	0	0	0	0	0	0	1243
848	CCG	0	0	0	0	0	0	0	1402	0	0	0	0	0	0	1	1151
848	GTT	0	0	0	0	0	0	0	1522	0	0	0	0	0	0	0	1655
848	TAG	0	2	0	0	0	0	1	2635	0	0	0	0	0	0	2	1218
848	TCT	0	0	0	0	0	0	0	2393	2	0	0	0	0	0	0	372
848	TGG	0	0	0	0	0	0	0	894	0	0	0	0	0	0	0	1285
848	CAT	0	0	0	0	0	0	9	2039	0	0	0	0	0	0	0	370
848	AGT	0	0	0	0	0	0	0	522	0	0	0	0	0	0	3	1774
848	TCG	0	0	0	0	0	0	0	743	0	0	0	0	0	0	13	1191
848	CGG	0	0	0	0	0	0	0	857	0	0	0	0	0	0	0	1598
848	CTT	0	0	0	0	0	0	0	1802	0	0	1	0	0	0	10	781
848	ACT	0	0	0	0	0	0	0	613	0	0	1	0	0	0	0	892
848	GCG	0	0	0	0	0	0	0	1256	0	0	0	0	0	0	0	452
848	AAG	3	0	1	0	0	0	0	1019	0	0	0	0	0	0	1	1323
848	ACG	0	0	0	0	0	0	0	1125	0	0	0	0	0	0	27	1374
848	GGT	0	1	0	0	0	0	0	1343	0	0	0	0	0	0	3	1179
849	TTG	112	458	1337	1185	1144	8	880	932	194	353	2454	1775	1281	9	1565	1947
849	GCG	95	233	15	341	764	45	2716	2039	9154	15257	24061	26041	94922	2824	121137	1980
849	GTG	4949	773	9476	1689	1240	183	8841	2822	507	20075	16819	1800	1239	88	8362	1247
849	TGG	6737	8211	1035	239554	190209	4845	28764	1111	19027	17815	7472	504630	306573	4736	98014	2207
849	AGT	76	12	6	170	243	16	1937	1387	16	31	9	13	36	1	725	2409
849	ATT	2	2	0	4	3	0	21	557	1194	5698	7361	371	349	54	7499	758
849	CCG	63	19	0	2	10	0	649	851	28	51	49	65	300	0	252	964
849	CCT	5	3	0	7	4	0	3	105	15	13	3	13	57	0	387	1983
849	CTG	3436	8871	6683	1675	1174	128	8416	854	128	286	122	343	509	0	450	489
849	CTT	986	871	776	538	463	23	1031	1070	187	288	1713	202	237	4	465	928
849	TAG	1	3	0	23	37	0	8	2055	5	8	4	69	50	0	48	524
849	GGG	65	32	3	55	48	4	2071	1507	18	41	13	120	210	0	363	835
849	GTT	12	3	15	1	103	0	57	1305	23	158	7019	129	141	10	716	1554
849	TCG	98	39	24	241	327	26	2658	606	168	237	44	423	1516	4	1170	288
849	CAG	25	10	34	17	5	2	732	689	1	1	0	0	3	0	78	1922
849	CGT	7	7	1	37	37	0	6	1396	15	11	3	50	37	0	5	1095
849	GAT	2	0	0	0	0	0	97	1013	15	14	1	1	0	0	125	825
849	GGT	1	1	0	3	1	0	17	1500	3	7	4	1	0	0	151	1257
849	TAT	0	5	0	1	0	0	75	1297	0	2	0	0	0	0	11	1055
849	TGT	51	72	2	992	1001	0	84	1984	128	90	20	1596	1184	0	287	2468
849	AAT	32	21	0	10	9	2	1258	1424	3	1	1	1	0	0	128	998
849	ATG	431	331	1805	454	932	28	2219	1498	9	36	23	11	13	0	26	592
849	GCT	1	10	0	2	0	0	2	507	33	218	35	105	310	5	812	482
849	CGG	8	18	1	119	159	0	22	1119	16	24	5	225	188	0	60	1103
849	AAG	0	0	0	0	0	0	0	601	0	0	0	0	0	0	2	998
849	TTT	18	32	5	231	209	1	125	820	25	242	19	263	175	0	139	768
849	ACG	1	0	1	0	2	0	2	272	40	14	1204	69	145	11	654	1368
849	AGG	2	0	1	21	22	0	2	725	4	6	3	40	26	0	19	671
849	CAT	0	2	0	0	1	0	36	667	0	0	1	0	0	0	5	458
849	GAG	0	0	1	1	1	0	73	1023	1	10	15	6	29	0	99	681
849	ACT	3	5	1	2	1	0	0	491	81	601	8	38	114	21	792	1332
849	TCT	14	14	0	10	5	0	203	1187	12	9	1	4	22	0	2	253
850	GCG	1303	337	3275	909	595	48	2855	702	2733	8	2	9	0	3	228	991
850	CAT	978	2148	1397	190	36	4	623	1054	41	7	0	16	69	8	324	556
850	GTG	9845	10389	24089	3253	2859	361	19644	2266	43	7	5	1	1	2	21	402
850	GGG	10055	6722	13885	8216	6288	495	15763	936	4	1	3	0	0	0	27	1891
850	ACT	2355	8956	9706	2156	1666	227	8585	934	19299	10234	28256	4684	4495	400	32469	1644
850	AGG	189	96	146	127	148	0	144	747	61	31	69	1	16	0	269	1967
850	AGT	8609	6890	4271	4892	2606	262	11451	1138	178	50	27	47	64	7	471	372
850	ATG	217	176	385	142	229	7	730	931	672	5166	7124	79	138	22	3161	629
850	ATT	6046	3701	6993	1604	1219	175	8875	1082	492	367	374	81	123	0	370	924
850	CCG	13	28	21	684	653	20	70	225	5146	5401	356	361	429	29	2167	1202
850	CGG	5218	332	126	1466	624	69	4379	1160	4707	1048	169	59	102	6	792	1836
850	CGT	27	10	4	13	8	0	32	371	85	297	1031	96	186	6	1485	203
850	GAG	3441	3671	3482	5590	22352	1729	30984	1725	54	8	3	9	19	2	295	1310
850	GAT	1038	191	1227	256	520	51	4155	1153	34	7	13	54	60	3	300	826
850	GCT	51	626	621	274	104	19	1025	357	2141	509	8751	125	435	11	1254	960
850	GGT	65	1853	400	459	397	24	946	704	201	1	3	118	483	4	405	951
850	TGT	4	10	6	4	1	0	5	706	5	1	0	2	2	0	78	1191
850	CTG	52	12	12	41	42	0	90	345	113	96	4	4	8	0	15	463
850	AAT	420	1910	3590	4607	2799	113	4501	1368	49	64	38	12	14	0	71	408
850	TTG	218	2316	1183	348	107	16	1355	1801	1	0	1	1	0	2	135	664
850	CAG	9	2	4	19	28	22	197	500	27	31	2	4	20	0	81	580
850	TTT	3	34	18	5	11	0	32	717	21	4	3	7	2	0	429	1731
850	AAG	11	15	19	30	101	0	99	678	1023	7051	1926	665	362	22	3594	469
850	ACG	19	9	44	43	26	1	101	1083	1649	351	11	28	59	4	529	798
850	CCT	4	7	2	6	4	0	1	131	2026	59	11	206	195	19	1479	781
850	GTT	67	115	262	39	60	0	273	471	45	7	137	3	10	0	39	742
850	TCG	864	1636	433	286	315	49	1223	1186	13	2	1	0	0	0	19	690
850	TCT	331	476	1035	619	684	41	1960	698	27	391	18	28	49	7	374	429
850	CTT	21	17	3	12	15	0	18	401	322	44	668	102	74	15	1187	694
850	TGG	58	29	18	36	48	0	11	573	5	3	0	0	1	0	13	579
850	TAT	8	1	3	10	6	0	12	769	1	2	0	0	0	0	10	715
850	TAG	10	13	4	14	57	0	15	1116	5	2	1	0	0	0	0	122
851	CGT	1	0	0	0	0	0	0	1236	0	0	0	0	0	0	0	935
851	CTT	0	0	0	0	0	0	0	293	0	0	0	0	0	0	0	148
851	TGT	4388	32	999	162	89	14	930	758	30	32	21	7	23	0	109	1483
851	CAG	0	0	0	0	0	0	0	993	0	0	0	0	0	0	0	1008
851	AGG	0	0	0	0	0	0	0	437	0	0	0	0	0	0	0	1047
851	CGG	0	0	0	0	0	0	0	518	0	0	0	0	0	0	0	1032
851	GAG	0	0	0	0	0	0	0	980	0	0	0	0	0	0	0	388
851	TCG	0	0	0	0	0	0	0	693	0	0	0	0	0	0	2	1298
851	TTT	1	0	0	0	0	0	1	561	0	0	0	0	0	0	0	409
851	TGG	0	2	0	0	1	0	1	1810	0	0	2	1	0	0	2	1850
851	ATT	0	0	0	0	0	0	0	421	0	0	0	0	0	0	1	541
851	ACG	0	0	0	0	0	0	1	958	0	0	0	0	0	0	0	606
851	CAT	0	0	0	0	0	0	0	369	0	0	0	0	0	0	0	396
851	GCT	0	0	0	0	0	0	0	124	0	0	0	0	0	0	0	620
851	GGT	0	0	0	0	0	0	13	1184	0	0	0	0	0	0	1	1874
851	GTT	0	0	0	0	0	0	0	358	0	0	0	0	0	0	0	800
851	TCT	0	0	0	0	0	0	1	1506	0	0	2	0	0	0	1	1633
851	ACT	0	0	0	0	0	0	0	472	0	0	0	0	0	0	0	175
851	CTG	0	0	0	0	0	0	1	1119	0	0	0	0	0	0	0	699
851	GAT	0	0	0	0	0	0	0	1520	0	0	0	0	0	0	0	1241
851	GCG	0	0	0	0	0	0	1	429	0	0	0	0	0	0	0	540
851	TAG	0	0	0	0	0	0	0	436	0	0	0	0	0	0	0	470
851	TAT	0	0	0	0	0	0	0	1040	0	0	2	0	0	0	0	652
851	TTG	0	0	0	0	0	0	0	1058	0	0	1	0	0	0	2	2169
851	GGG	0	0	0	0	0	0	0	2759	0	0	0	0	0	0	0	1065
851	AAG	0	0	0	0	0	0	0	0	0	0	0	0	0	0	0	91
851	ATG	0	0	0	0	0	0	0	352	0	0	0	0	0	0	0	260
851	CCG	0	0	0	0	0	0	0	1039	0	0	0	0	0	0	1	911
851	GTG	0	0	0	0	0	0	0	619	0	0	0	0	0	0	2	2231
851	AAT	0	0	0	0	0	0	0	705	0	0	0	0	0	0	6	504
851	AGT	0	0	0	0	0	0	0	458	0	0	0	0	0	0	0	230
851	CCT	0	0	0	0	0	0	0	61	0	0	0	0	0	0	0	157
852	AGG	9	3	30	20	17	1	120	1876	2443	9798	11620	227	185	26	2977	1100
852	AAG	672	1055	3047	1303	549	44	1934	1606	8	18	13	2	11	1	70	1170
852	AAT	7	7	5	3	0	0	3	428	1212	1955	2858	1163	3010	129	1824	392
852	ACG	38	42	2210	79	113	10	448	1289	4	33	697	2	4	0	150	520
852	ACT	2	0	1	0	0	0	1	640	53	274	3790	71	32	9	1447	759
852	CAG	10845	7197	28717	2114	2970	553	26664	491	2343	1097	3115	855	2619	133	6254	641
852	CGT	9289	78	15100	884	291	59	4035	1380	10840	5281	3071	162	124	20	2076	972
852	TAG	4	6	26	1	3	0	23	1611	3	2	1	0	2	0	11	971
852	CAT	611	977	834	38	24	7	1117	547	80	299	47	24	15	5	764	709
852	CGG	2333	1739	8727	935	426	53	3632	4439	20	785	2239	13	16	2	328	341
852	GAG	41	29	210	13	16	0	238	1121	39	22	38	1	12	2	262	702
852	TGG	7	0	5	0	2	1	148	2809	2	7	5	0	0	0	28	847
852	TGT	5	0	6	1	0	0	2	503	8	4	4	0	0	0	3	559
852	ATG	2018	668	4285	222	134	29	1210	2100	46	9	5	2	25	7	341	564
852	AGT	15	1	16	1	0	0	1	396	187	28	8	6	67	1	648	2240
852	GCT	26	558	1408	8	19	12	603	1912	28	13	62	2	0	0	38	424
852	GTT	81	23	4	34	2	3	632	946	769	120	145	62	36	0	1661	2897
852	TCG	11	1	7	57	1	1	213	1337	294	959	3375	26	30	10	1158	289
852	GCG	356	7	80	3	32	3	98	1222	2559	33	55	6	45	0	309	500
852	CCG	40	34	121	4	15	0	111	1931	8	10	20	0	3	1	38	313
852	CTG	6	2	5	1	3	0	6	731	4	4	1	0	0	0	37	1287
852	CTT	48	29	16	140	241	15	1480	881	14	6	2	0	25	0	14	433
852	GGG	495	2	62	17	2	0	42	843	5198	3347	2858	146	93	11	2837	3530
852	GTG	10	4	22	7	6	2	183	1278	17	16	3	3	3	0	249	839
852	TCT	9	2	1	0	0	2	56	684	224	388	2044	45	32	3	1256	430
852	TTG	15	5	18	7	43	4	492	673	122	417	20	105	130	3	1637	2464
852	TTT	9	3	1	0	1	0	101	1563	0	0	0	0	0	0	16	1092
852	CCT	36	4	43	5	2	0	18	410	27	10	10	0	0	0	89	1150
852	GAT	8	1	10	0	0	0	10	709	112	33	13	12	17	4	1286	2042
852	GGT	93	0	117	20	8	4	97	1351	44	23	113	3	1	3	125	971
852	TAT	871	0	1	9	6	0	75	1482	2	6	2	2	4	0	50	687
852	ATT	3	0	2	1	0	0	3	344	20	4	4	31	7	0	305	552
853	TAT	28893	17119	11428	15681	8349	782	35879	267	891	1034	909	210	170	7	836	1985
853	CGG	58729	39335	55782	31209	14225	1153	38532	1857	54	22	39	6	5	0	37	560
853	ATT	3635	359	1374	582	322	83	3502	1160	218	162	58	85	31	1	366	612
853	AAG	69	1723	67	506	189	6	149	2131	1255	6688	7251	2248	1484	71	5495	899
853	AAT	49329	52425	28387	346968	169219	4409	18707	907	30930	38260	24045	92574	30080	756	7406	1403
853	ATG	8	32	22	18	8	0	24	590	16570	23843	37779	5038	3972	422	23065	652
853	CAG	615	509	403	417	217	0	333	561	414	3340	3054	361	130	18	2516	1015
853	CGT	4123	2120	3889	2633	952	66	3021	2058	3786	7280	5300	1053	794	38	2632	1506
853	CTT	18604	11186	13273	4629	2009	378	6883	856	118	98	101	39	13	3	131	1491
853	GAG	1926	3372	5265	469	650	244	9884	1190	7	12	17	1	0	1	83	404
853	GCG	1086	1342	3612	2672	922	241	5080	694	4	2	3	0	1	4	222	618
853	GCT	7	9	2	11	3	0	2	329	94	47	30	18	36	1	158	381
853	TCG	6522	17204	8106	2349	1266	127	4800	2251	15	16	49	5	2	0	25	376
853	TCT	31	62	13	10	11	2	176	501	28576	14060	30256	5580	2085	305	16537	1320
853	TTT	39	34	23	32	22	0	26	1065	29930	22013	17216	4350	2913	330	17724	2241
853	CCG	61	74	51	24	16	0	31	240	287	542	27	129	78	5	1085	289
853	TTG	1233	2934	5478	941	566	157	5800	988	2509	19032	17450	1853	1090	109	7348	1234
853	AGG	106	1922	991	326	157	42	441	1173	2673	2178	849	949	253	19	1195	720
853	AGT	1975	5936	337	958	685	56	1434	672	48	40	10	29	12	0	26	84
853	CAT	730	938	350	1007	622	0	323	702	414	375	229	231	124	0	110	529
853	GGG	6451	1668	1729	1469	636	66	6003	560	10	10	3	19	15	1	345	1455
853	GTG	15	11	13	10	6	1	67	1252	163	85	965	51	44	5	1092	886
853	TGG	48	209	53	29	12	0	138	729	5	23	38	0	3	0	27	1313
853	CTG	130	68	106	62	22	0	84	643	48	97	189	17	8	1	91	507
853	TGT	25	21	15	7	5	0	111	1361	62	59	50	9	6	0	137	1399
853	ACT	80	35	150	175	225	26	1253	1398	116	77	45	103	55	2	396	501
853	GAT	141	113	23	164	96	1	224	931	69	76	13	42	20	0	11	341
853	GGT	25	17	0	11	3	0	25	1204	71	382	102	14	81	2	752	602
853	TAG	132	351	259	47	27	0	199	1640	19	158	189	16	16	0	94	1380
853	ACG	12	42	15	5	8	1	31	756	49	20	23	94	15	2	371	423
853	CCT	50	23	9	25	21	0	18	916	132	56	112	25	7	0	62	164
853	GTT	8	5	2	0	0	0	1	509	67	67	13	14	15	0	11	108
854	TAT	3637	3087	1936	4452	3536	453	7789	503	2186	2802	4065	2590	2236	180	6958	1115
854	AAG	217	145	416	79	109	3	670	1158	124	76	2270	17	25	2	683	2552
854	CCG	8	218	0	1	2	1	148	1162	16	27	1	22	8	0	776	148
854	AAT	62	81	31	73	59	0	100	471	110	38	45	112	96	0	384	1071
854	AGT	148	138	324	54	11	0	311	781	8	0	0	1	1	0	71	1494
854	CAT	38	55	20	35	10	5	122	1556	2	1	0	3	3	0	65	1082
854	CCT	0	2	0	0	1	0	1	367	0	0	0	0	0	0	10	297
854	CGG	1266	2358	773	905	316	68	3147	1037	220	1509	2417	105	142	8	863	810
854	CGT	7145	6301	7968	2595	1087	180	9501	1281	17	3	2	0	0	0	61	658
854	GAG	105	35	12	22	18	19	1973	2389	121	24	5	4	6	0	306	1251
854	GCG	9	2	11	0	0	0	44	1146	1702	13	2	3	8	8	576	645
854	GCT	671	272	768	202	212	58	2998	532	5	0	0	2	31	0	112	364
854	TTG	15	6	2	24	42	6	869	823	2733	57	187	29	65	14	3341	1374
854	TCG	7	84	15	43	65	10	296	1459	1351	1339	388	343	92	27	2584	2572
854	AGG	9328	3213	9875	1532	1450	207	6650	3486	21	66	111	79	37	10	345	2016
854	ATG	25	14	18	9	10	1	216	1347	73	8	10	3	2	0	358	963
854	GAT	75	31	36	30	45	3	466	753	91	182	9	20	16	2	1550	1045
854	GGG	564	118	4	202	74	14	1077	1637	104	10	6	12	30	2	300	1729
854	GTG	536	4	1	0	0	0	156	1253	955	33	11	47	8	9	2205	2334
854	TTT	100	301	52	101	53	13	2095	1163	15	21	1	3	1	1	615	1675
854	ACT	2	8	5	2	2	6	101	461	1230	64	80	20	137	53	2216	219
854	CAG	668	474	621	75	123	63	2182	1077	4	17	14	1	4	0	22	927
854	CTG	2	0	1	0	1	0	33	1212	2	7	0	2	2	0	145	1435
854	CTT	6	3	2	0	0	0	8	284	13	3	0	40	9	0	181	1632
854	TAG	24	25	40	33	38	0	149	880	70	54	84	16	18	0	189	2052
854	ACG	1	5	2	0	0	0	25	483	42	9	6	3	2	1	93	626
854	TGT	5	7	4	2	2	0	9	1487	3	0	0	0	0	1	6	683
854	GTT	1	1	1	0	3	0	3	631	0	0	0	0	0	0	0	291
854	TGG	2	4	2	0	0	1	48	598	17	2	1	1	2	2	97	566
854	GGT	7	4	4	1	1	0	8	432	0	0	0	0	0	0	2	561
854	ATT	1	2	0	2	1	0	77	707	4	2	0	1	0	0	31	193
854	TCT	2	0	1	1	0	0	70	237	1	0	0	1	0	1	47	699
855	ATG	22	505	7	6	3	0	76	1321	2896	32586	16601	363	236	19	4938	1635
855	CTG	5	1229	520	25	12	6	314	787	503	590	4861	39	28	10	1156	629
855	TTG	69	39	39	25	5	0	70	568	31	261	88	4	1	0	104	1622
855	TTT	5599	7684	8776	601	291	91	3553	1987	28	134	1188	10	97	3	209	739
855	TGG	5856	1694	3521	204	116	23	1913	1810	30	4787	4495	7	24	11	687	720
855	AGT	19	58	1036	19	33	3	912	1270	0	0	0	0	0	0	45	389
855	ATT	2	3	22	2	1	0	11	1079	18	1073	307	1	0	0	240	838
855	CAT	26	120	7	14	4	3	560	548	0	3	0	0	0	0	56	874
855	GTT	1	0	1	0	0	0	42	1057	0	3	0	0	0	0	0	240
855	TAT	0	3	2	0	0	0	6	1387	8	0	226	0	0	0	40	989
855	AAG	0	4	1	0	0	0	0	659	24	2	3	27	0	0	82	582
855	AGG	1324	2	8	133	7	0	179	480	30	18	51	60	36	2	1507	801
855	CAG	0	407	288	0	0	0	14	548	0	0	0	0	0	0	0	140
855	CCT	0	0	0	0	0	0	0	337	0	0	0	0	0	0	0	551
855	CGT	0	0	0	0	0	0	53	802	0	0	0	0	0	0	0	401
855	CTT	0	9	9	0	0	0	6	586	72	54	113	4	2	2	568	872
855	GGT	0	1	1	0	0	0	5	154	0	0	1	4	0	0	45	388
855	TCG	3	0	280	0	1	0	197	366	0	0	0	0	0	0	53	1228
855	TGT	42	12	80	0	0	0	37	1025	0	29	86	0	1	0	15	606
855	ACT	0	0	0	0	0	0	12	515	0	0	1	1	0	0	113	779
855	GAT	0	1	0	0	0	0	0	246	0	2	0	0	0	0	22	2174
855	GAG	0	1	0	0	0	0	1	390	0	0	0	0	0	0	5	399
855	ACG	0	0	0	1	0	0	44	479	3	6	0	0	0	0	34	253
855	TCT	1	0	10	0	0	0	4	1335	0	2	1	0	0	0	89	695
855	AAT	0	0	1	0	0	0	17	267	0	0	0	0	0	0	5	446
855	CGG	0	1	0	0	0	0	0	560	0	1	4	0	0	0	44	580
855	GCG	0	4	0	0	0	0	57	269	0	0	0	0	0	0	0	151
855	GCT	0	0	0	0	0	0	0	71	0	0	0	0	0	0	2	579
855	GTG	0	1	0	0	0	0	2	682	3	18	0	0	0	0	0	462
855	CCG	0	0	1	0	0	0	0	172	0	1	1	0	0	0	0	220
855	TAG	3	4	2	0	0	0	1	444	0	1	2	0	1	0	0	324
855	GGG	3	1	0	0	13	0	68	556	0	0	0	0	0	0	1	664
WT	WT	63443	51108	98148	71980	95375	4687	84885	29676	59437	75317	98858	14097	27638	1158	74873	26745
