mut	mut_class	Rep1_P1-Calu3_CoV44-62	Rep1_P1-Calu3_CoV44-79	Rep1_P1-Calu3_noAb	Rep1_P1-E6_CoV44-62	Rep1_P1-E6_CoV44-79	Rep1_P1-E6_noAb	Rep1_ipt	Rep2_P1-Calu3_CoV44-62	Rep2_P1-Calu3_CoV44-79	Rep2_P1-Calu3_noAb	Rep2_P1-E6_CoV44-62	Rep2_P1-E6_CoV44-79	Rep2_P1-E6_noAb	Rep2_ipt
D808E	missense	0	0	0	0	0	0	515	193	4	2	13	1	0	620
D808D	silent	31	19	13	8	8	0	2480	5292	2289	6089	166	252	30	1133
D808R	missense	29	16	5	11	55	9	3804	2	8	0	0	7	1	2091
D808K	missense	0	0	0	0	0	0	208	0	0	0	0	0	0	468
D808H	missense	560	631	63	115	644	65	883	17	6	3	1	5	3	507
D808Q	missense	6	0	1	0	5	2	736	0	0	1	0	0	0	161
D808N	missense	2	2	0	0	1	0	322	442	1	0	9	28	0	347
D808S	missense	129	153	1	59	76	20	2790	18	168	0	1	46	1	1527
D808T	missense	0	0	0	0	0	0	1053	2	0	0	0	1	0	2493
D808P	missense	8	1	0	2	0	2	684	0	0	0	0	0	0	332
D808G	missense	1	171	0	2	0	0	2291	2	3	1	2	0	0	1870
D808C	missense	0	0	0	0	0	0	1833	0	2	0	0	0	1	1280
D808A	missense	7	3	0	0	1	0	1348	2	1	2	0	0	0	1048
D808V	missense	2	1	9	2	1	0	2811	8	3	2	8	10	0	2882
D808I	missense	14	4	0	0	2	0	341	0	0	0	0	0	0	233
D808L	missense	12	1	1	0	0	0	2469	15	0	1	1	0	0	2021
D808M	missense	1	2	0	0	0	0	859	4	0	4	4	4	0	518
D808F	missense	0	0	0	0	0	0	540	0	1	0	0	0	0	350
D808Y	missense	1	1	0	0	2	0	898	18	3	3	0	1	0	1617
D808W	missense	1	0	0	0	0	0	724	0	0	0	0	0	0	1633
D808_	nonsense	1	3	0	1	0	0	892	0	0	0	0	0	0	1976
P809E	missense	1999	2282	4061	54	31	14	2153	4	5989	4763	24	21	2	933
P809D	missense	5	8	25	1	0	0	508	3	15	346	0	6	0	426
P809R	missense	76	177	12	33	56	17	2799	72	267	965	25	260	23	3605
P809K	missense	8	2	0	17	36	3	713	23	12	291	19	66	4	1627
P809H	missense	4	2	0	1	1	0	1353	49	37	1903	25	76	9	881
P809Q	missense	18	16	17	2	11	0	553	7843	7770	9231	563	1571	138	874
P809N	missense	1	2	0	1	0	0	397	55	14	3	69	98	8	1120
P809S	missense	9068	3258	2674	595	713	138	3239	2859	6536	1523	498	2247	262	1336
P809T	missense	356	567	939	226	198	22	2654	1424	27	11	12	5	3	891
P809P	silent	434	2397	6376	711	736	91	1172	182	1715	453	12	71	6	1469
P809G	missense	1079	2121	1104	213	686	84	7746	74	42	12	17	99	11	2679
P809C	missense	0	6	1	0	0	0	490	16	11	3	0	0	0	1271
P809A	missense	38	33	60	24	10	0	1057	22	2595	100	11	26	2	1472
P809V	missense	38	653	233	83	40	11	2578	20	10	7	26	112	1	2884
P809I	missense	88	281	6	66	193	9	864	1	11	5	0	2	0	348
P809L	missense	8	17	4	7	7	0	1478	11	66	31	1	8	0	1468
P809M	missense	25	20	115	46	114	8	961	89	4640	1581	77	184	22	973
P809F	missense	870	678	393	410	428	95	2765	17	10	352	1	45	6	1022
P809Y	missense	20	14	129	62	24	12	1017	0	3	4	0	0	0	322
P809W	missense	2	2	4	0	2	0	962	85	643	24	70	45	16	2578
P809_	nonsense	8	11	5	0	0	0	778	15	10	24	0	0	0	771
S810E	missense	5643	1422	4649	286	99	46	526	57	189	184	24	44	8	2743
S810D	missense	59	20	32	3	6	0	458	6	14	3	1	1	0	1005
S810R	missense	5278	5583	7866	4943	7475	1400	2843	40	890	7	24	42	13	1958
S810K	missense	14	19	0	12	11	0	580	1	15	1	3	34	3	539
S810H	missense	10	1	7	1	2	0	363	1	0	0	42	18	0	225
S810Q	missense	497	7	2	46	79	9	301	0	2	0	0	1	1	381
S810N	missense	1750	107	1013	268	188	18	768	3	7	1	1	1	0	309
S810S	silent	4759	3025	9125	1066	540	116	2374	5161	50	126	20	157	6	2633
S810T	missense	1322	131	492	303	164	11	1121	821	4203	6001	218	369	35	1387
S810P	missense	9	6	12	8	4	0	1010	4	2	27	1	0	0	1342
S810G	missense	860	2171	3355	269	189	86	3737	5494	2869	5075	272	299	31	2029
S810C	missense	10	32	51	4	1	1	324	177	200	36	25	44	6	531
S810A	missense	1733	45	101	105	81	28	1787	1141	60	1293	46	19	6	2137
S810V	missense	2079	282	1205	71	156	10	2501	65	19	23	3	7	4	2826
S810I	missense	45	13	17	41	78	2	907	5	1	2	0	2	0	681
S810L	missense	195	121	649	112	18	11	1273	1361	374	1201	93	65	5	2770
S810M	missense	25	36	12	14	33	0	493	758	6	2	0	0	1	1080
S810F	missense	3499	582	733	336	208	92	1369	50	292	32	15	5	5	1087
S810Y	missense	10	9	7	0	0	0	604	23	18	4	2	2	5	400
S810W	missense	66	500	57	16	39	4	1945	70	18	50	3	11	1	837
S810_	nonsense	39	18	29	5	2	0	622	7	8	3	0	2	0	915
K811E	missense	9	10	0	0	1	0	1242	0	4	2	1	1	0	2289
K811D	missense	0	6	1	0	0	0	1090	2	0	11	0	0	0	1374
K811R	missense	1071	34	2693	169	219	49	2699	7	17	1163	1	22	0	2964
K811K	silent	210	101	7	94	59	8	1760	10	2412	10	1	23	0	1111
K811H	missense	0	0	0	0	0	0	419	0	0	8	0	0	0	511
K811Q	missense	12	1	17	1	3	0	862	1	0	3	0	0	0	239
K811N	missense	6	0	1	10	0	0	936	21	4	5	12	2	4	955
K811S	missense	1599	554	1158	49	48	6	2742	15	4	38	3	3	0	3210
K811T	missense	21	19	12	1	30	0	903	136	341	199	29	24	1	1076
K811P	missense	0	1	0	0	0	0	684	1	0	0	0	0	0	819
K811G	missense	2	1	1	0	1	0	3009	79	217	1931	32	38	4	1968
K811C	missense	0	0	0	0	0	0	1020	0	0	1	0	0	0	623
K811A	missense	257	1363	314	26	28	10	2012	765	10	4	7	0	1	2652
K811V	missense	505	342	111	21	38	6	5471	30	34	0	20	5	3	1540
K811I	missense	1	3	4	6	1	1	1058	0	0	0	0	0	0	1371
K811L	missense	568	498	1463	133	27	12	3047	897	27	14	10	4	2	2564
K811M	missense	10	7	3	1	0	0	1241	6	2	1	0	0	0	1895
K811F	missense	0	0	1	0	0	0	539	0	0	0	0	0	0	965
K811Y	missense	5	3	7	0	0	0	1634	6	2	0	0	0	0	1194
K811W	missense	0	0	1	0	0	0	598	1	1	0	0	1	0	664
K811_	nonsense	3	2	3	0	0	0	779	3	0	1	0	0	0	1117
P812E	missense	13	1	43	1295	17	0	337	3	3	0	2	1	0	254
P812D	missense	0	0	0	2	0	0	466	1	1	0	0	0	0	289
P812R	missense	5217	7033	4114	3778	6436	22084	1623	20961	29797	30701	5268	18047	29873	2973
P812K	missense	1	4	0	0	1	0	242	2277	243	0	2	77	7	432
P812H	missense	49	9	436	84	29	10	723	9	274	13	1	1	3	440
P812Q	missense	0	3	1	3	5	7	544	36	21	367	109	64	18	504
P812N	missense	0	1	0	1	0	0	350	2	0	0	0	0	0	198
P812S	missense	17	6	1	25	103	6	830	179	19	1	3	10	6	1064
P812T	missense	2	0	236	2	1	0	1060	19	1046	1	17	358	22	804
P812P	silent	1481	1865	2936	515	802	50	1343	77	117	92	36	65	5	1338
P812G	missense	8	36	2	33	23	6	1095	4270	515	32	40	61	16	1809
P812C	missense	11	1	0	1	1	5	810	14	5	4	0	11	7	747
P812A	missense	4	2	2	9	2	0	1053	13	20	6	17	4	1	865
P812V	missense	642	162	87	84	25	15	920	1790	2191	931	415	327	105	1484
P812I	missense	134	119	537	510	212	93	1491	2	1	0	0	2	0	385
P812L	missense	717	608	93	261	70	121	2293	2317	1681	1212	536	327	159	2408
P812M	missense	1	0	0	0	0	0	95	0	1	0	0	0	0	139
P812F	missense	4	103	111	28	2	8	369	43	4	1	0	2	2	1565
P812Y	missense	0	0	0	0	0	0	234	11	2	0	1	6	0	590
P812W	missense	2	1	0	2	0	2	367	6	0	0	0	0	8	29
P812_	nonsense	0	0	0	1	0	0	431	2	0	0	0	0	0	906
S813E	missense	1	3	0	4	6	0	1053	2	4	4	13	50	0	107
S813D	missense	1	2	0	13	11	0	1012	1	5	2	30	113	0	507
S813R	missense	183	3122	206	210	994	48	1964	1253	265	103	158	523	10	2514
S813K	missense	3441	4015	1224	1052	5838	434	1785	852	4798	1	47	376	50	527
S813H	missense	3	7	4	4	11	0	348	2235	4810	1135	405	1227	46	1068
S813Q	missense	414	41	708	82	82	10	205	0	6	0	2	9	0	342
S813N	missense	10	12	6	9	22	0	770	43	57	19	210	286	3	342
S813S	silent	905	58	435	103	123	10	1588	32153	18574	60139	1742	2039	266	3781
S813T	missense	4176	5180	5521	1208	672	164	1887	17	10	47	6	5	0	532
S813P	missense	5	6	1	5	9	2	2165	1	3	6	3	12	1	1225
S813G	missense	921	73	1229	339	231	34	2453	47	434	26	27	48	2	1472
S813C	missense	87	45	18	215	374	19	1807	2758	1988	2438	661	1437	147	1037
S813A	missense	9	20	1	62	37	2	1077	120	24	2880	193	306	25	1792
S813V	missense	2578	534	961	2894	5124	640	1762	2720	4431	2933	1610	9073	825	3207
S813I	missense	38	96	14	335	497	67	729	98	198	373	308	611	5	357
S813L	missense	8379	9479	5656	35542	115873	17126	2319	8276	20625	30204	48447	90615	12339	1695
S813M	missense	157	811	253	407	1406	129	423	67	323	29	28	266	31	535
S813F	missense	751	152	48	3485	11325	1284	280	27	44	32	72	284	2	354
S813Y	missense	817	810	988	3969	6241	738	638	1468	2461	3115	27716	123927	4303	363
S813W	missense	3280	2345	4308	14695	36019	10894	1336	748	204	909	931	3209	219	521
S813_	nonsense	10	6	4	21	95	2	182	3	3	1	20	86	0	746
K814E	missense	4	1	7	1	0	1	406	68	189	398	21	52	1	826
K814D	missense	0	0	3	0	0	0	274	8	3	166	0	0	0	637
K814R	missense	16959	11043	32495	8511	3329	2541	2443	623	359	6280	236	309	152	3022
K814K	silent	3329	6365	6558	678	349	103	1203	58	719	1479	27	30	11	1784
K814H	missense	93	235	453	121	31	18	664	4	6	3	1	5	1	317
K814Q	missense	10	8	21	15	1	1	1710	85	718	102	23	29	4	1065
K814N	missense	8	10	100	5	2	0	529	1	1	110	1	0	0	1143
K814S	missense	76	49	286	56	13	4	3427	15	4	207	4	2	1	1332
K814T	missense	5	6	22	2	1	0	800	15	1	98	1	2	1	1478
K814P	missense	1	2	3	0	36	0	719	1	238	2	0	11	0	1072
K814G	missense	22	5	5	1	1	2	2411	1543	1039	23537	137	107	27	1982
K814C	missense	4	1	6	4	2	1	1255	2	3	17	0	0	0	3063
K814A	missense	562	188	1018	108	45	43	1130	542	7	4	2	8	0	836
K814V	missense	0	0	0	1	0	2	1696	1	0	20	0	0	0	1396
K814I	missense	90	0	4	2	2	0	1147	0	0	3	1	0	0	979
K814L	missense	10	15	68	27	4	6	2170	57	30	22	6	2	10	1039
K814M	missense	8	4	13	4	1	0	841	1	0	4	1	0	0	515
K814F	missense	873	251	310	832	240	569	415	106	82	527	258	86	265	1361
K814Y	missense	1	1	1	3	2	0	607	0	0	3	1	0	0	408
K814W	missense	0	1	0	0	0	0	575	59	10	3	18	3	4	904
K814_	nonsense	1	0	0	0	0	0	741	2	2	3	0	0	0	635
R815E	missense	0	0	0	0	0	0	1383	0	0	1	0	0	0	3016
R815D	missense	0	0	0	0	0	0	111	0	0	0	0	0	0	551
R815R	silent	660	268	2926	180	162	31	2355	48	39	937	5	76	4	1668
R815K	missense	3	3	0	1	3	0	121	27	1407	229	28	2581	3	330
R815H	missense	11	1	0	92	2105	0	691	3	1	1	1	439	0	101
R815Q	missense	0	2	0	0	6	0	303	0	0	0	0	1	0	181
R815N	missense	1	0	0	1	9	0	348	0	0	0	0	2	0	73
R815S	missense	0	0	0	1	4	0	1305	0	0	1	0	0	0	618
R815T	missense	0	0	0	0	0	0	479	0	3	0	0	8	0	689
R815P	missense	0	0	0	1	2	0	212	0	0	0	0	0	0	428
R815G	missense	0	0	0	0	0	0	1184	0	0	1	0	0	0	1152
R815C	missense	0	0	0	0	0	0	167	0	0	0	0	0	0	32
R815A	missense	0	0	0	0	0	0	557	0	0	0	0	0	0	434
R815V	missense	0	0	0	0	0	0	1934	0	0	1	0	0	0	959
R815I	missense	0	0	0	0	2	0	935	0	0	0	0	0	0	534
R815L	missense	1	1	0	2	274	0	1854	0	0	0	0	0	0	2196
R815M	missense	0	0	0	0	1	0	1676	0	2	0	0	44	0	315
R815F	missense	0	0	0	0	0	0	459	0	0	0	0	0	0	99
R815Y	missense	4	0	0	0	52	0	487	0	0	0	0	0	0	42
R815W	missense	0	0	0	0	0	0	682	2	0	1	0	0	0	2212
R815_	nonsense	0	0	0	0	0	0	857	0	0	0	0	0	0	608
S816E	missense	0	0	0	0	0	0	2818	0	0	0	0	0	0	1245
S816D	missense	0	0	0	0	0	0	854	1	0	0	0	0	0	211
S816R	missense	24	14	14	1	0	0	4820	14	0	10	0	0	0	2397
S816K	missense	0	0	0	0	0	0	520	0	0	1	0	0	0	1509
S816H	missense	0	1	0	0	0	0	220	0	0	0	0	0	0	525
S816Q	missense	0	0	0	0	0	0	400	0	0	0	0	0	0	427
S816N	missense	3	4	6	0	1	0	469	2	1	0	0	0	0	590
S816S	silent	9688	5691	7440	1151	532	156	3935	12534	10729	23196	968	1052	155	5967
S816T	missense	6	8	13	2	10	0	1385	19	7	15	1	1	0	1097
S816P	missense	0	0	0	0	0	0	950	4	1	1	0	0	0	954
S816G	missense	3	1	2	0	1	0	3483	2	0	0	1	0	0	2583
S816C	missense	211	121	144	18	16	0	1449	164	8	99	0	3	0	1466
S816A	missense	0	0	1	0	0	0	1240	1	0	0	0	0	0	2047
S816V	missense	1	0	2	0	0	0	2071	1	0	1	0	0	0	4196
S816I	missense	2	8	8	0	0	0	1321	5	0	8	0	0	0	379
S816L	missense	0	0	1	0	0	0	3215	2	5	3	1	0	0	2485
S816M	missense	0	0	0	0	0	0	1365	0	0	0	0	0	0	1565
S816F	missense	1	1	2	0	0	0	1429	4	0	0	0	0	0	1593
S816Y	missense	0	3	0	0	1	0	2084	2	0	0	0	0	0	1194
S816W	missense	1	0	0	0	0	0	2145	0	2	2	0	0	0	1127
S816_	nonsense	0	0	0	0	0	0	1585	0	1	3	0	0	0	1808
F817E	missense	0	0	0	0	0	0	1698	0	0	1	0	1	0	1226
F817D	missense	0	1	0	0	0	0	326	1	0	0	0	0	0	615
F817R	missense	4	90	0	2	0	0	2675	76	19	0	46	26	4	2178
F817K	missense	9	1	0	4	0	0	856	1	3	0	6	0	0	1328
F817H	missense	0	1	2	0	0	0	532	0	0	0	0	0	0	390
F817Q	missense	0	5	0	0	0	0	1673	2	0	0	0	0	0	936
F817N	missense	0	0	0	0	0	0	394	0	5	0	0	0	0	1010
F817S	missense	42	10	3	0	2	0	2908	51	25	4	12	22	4	1974
F817T	missense	6	1	0	0	0	0	1112	1	6	0	0	0	0	2080
F817P	missense	0	3152	1	22	0	0	1288	0	0	1	0	0	0	828
F817G	missense	62	20	39	30	85	1	2713	11	5	1	14	53	1	3792
F817C	missense	0	2	2	0	3	0	594	69	16	1	3	6	0	3256
F817A	missense	1771	2	103	24	6	2	2458	92	24	21	28	36	0	2594
F817V	missense	19	1006	23	33	48	3	1639	2935	3276	2298	349	333	28	3376
F817I	missense	9	1	119	22	31	1	605	8	9	515	5	6	2	1135
F817L	missense	57	229	36	21	79	4	1549	772	180	2222	15	14	4	3870
F817M	missense	674	2	811	0	23	3	1236	3	1	6	0	0	0	1136
F817F	silent	1859	58	1560	87	99	28	940	5129	4762	4362	272	742	58	1896
F817Y	missense	255	100	441	362	1445	45	1105	30	2	2	1	3	0	1346
F817W	missense	3	2	0	0	1	0	1155	1526	1792	29	51	105	25	1591
F817_	nonsense	0	0	0	0	0	0	1567	2	0	1	0	0	0	659
I818E	missense	0	0	0	0	0	0	215	0	0	0	0	0	0	499
I818D	missense	0	0	0	0	0	0	932	0	0	0	0	0	0	432
I818R	missense	0	0	0	0	0	0	3374	0	0	0	0	0	0	3304
I818K	missense	0	0	0	0	0	0	383	0	0	0	0	0	0	661
I818H	missense	0	0	0	0	0	0	1250	0	0	0	0	0	0	39
I818Q	missense	0	0	0	0	0	0	762	0	0	0	0	0	0	623
I818N	missense	0	0	0	0	0	0	1127	2	0	0	0	0	0	465
I818S	missense	0	0	0	0	0	0	1617	0	0	1	0	0	0	1973
I818T	missense	0	0	0	0	0	0	1631	0	3	0	0	0	0	1373
I818P	missense	0	0	0	0	0	0	1185	0	0	0	0	0	0	803
I818G	missense	0	0	0	0	0	0	1512	0	0	0	0	0	0	1752
I818C	missense	0	0	0	0	0	0	522	0	0	0	0	0	0	2554
I818A	missense	0	0	0	0	0	0	1313	0	0	1	0	0	0	2003
I818V	missense	4	0	1	0	0	0	2454	0	0	0	0	1	0	1216
I818I	silent	14	23	16	2	13	0	464	11638	2008	2659	225	328	47	2439
I818L	missense	92	266	11	48	10	3	2642	58	19	563	62	51	4	1557
I818M	missense	0	0	1	0	0	0	468	10	1	9	0	0	0	1202
I818F	missense	0	0	0	0	0	0	463	1	2	1	0	0	0	787
I818Y	missense	0	0	0	0	0	0	729	0	0	0	0	0	0	1379
I818W	missense	0	0	0	0	0	0	1246	0	1	0	0	0	0	2652
I818_	nonsense	0	0	0	0	0	0	537	0	0	0	0	0	0	428
E819E	silent	2	0	2	1	0	0	699	68	27	3293	49	137	19	1275
E819D	missense	0	0	1	0	0	0	714	0	0	0	0	1	0	615
E819R	missense	0	0	0	0	0	0	2452	0	0	0	0	0	0	2347
E819K	missense	0	0	0	0	0	0	1477	0	0	0	0	0	0	307
E819H	missense	0	0	0	0	0	0	566	0	0	0	0	0	0	284
E819Q	missense	0	0	0	0	0	0	318	0	0	0	0	0	0	705
E819N	missense	0	0	0	0	0	0	30	0	0	0	0	0	0	375
E819S	missense	0	0	0	0	0	0	1545	0	0	1	0	0	0	2234
E819T	missense	0	0	0	0	0	0	1143	0	0	0	0	0	0	1894
E819P	missense	0	0	0	0	0	0	413	2	0	0	0	0	0	576
E819G	missense	0	0	0	0	0	0	1797	0	0	0	0	0	0	2017
E819C	missense	0	0	0	0	0	0	1528	0	0	0	0	0	0	1343
E819A	missense	0	0	0	0	0	0	2231	1	0	0	0	0	0	730
E819V	missense	0	0	0	0	0	0	498	0	0	0	0	0	0	996
E819I	missense	0	0	0	0	0	0	119	0	0	0	0	0	0	182
E819L	missense	0	0	0	1	0	0	1764	0	0	2	0	0	0	2385
E819M	missense	0	0	0	35	0	0	587	0	0	1	0	0	0	389
E819F	missense	0	0	0	0	0	0	760	0	0	0	0	0	0	241
E819Y	missense	0	0	0	0	0	0	772	0	0	0	0	0	0	194
E819W	missense	0	0	0	0	0	0	366	0	0	0	0	0	0	550
E819_	nonsense	0	0	0	0	0	0	199	0	0	0	0	0	0	782
D820E	missense	0	0	1	161	30	0	757	0	0	2	0	0	0	575
D820D	silent	2	8	144	0	3	5	713	7	184	65	8	13	0	632
D820R	missense	0	0	0	0	0	0	4237	0	0	1	0	0	0	2589
D820K	missense	0	0	0	0	0	0	761	0	0	0	0	0	0	1236
D820H	missense	0	0	0	0	0	0	714	0	0	0	0	0	0	283
D820Q	missense	0	0	0	0	0	0	849	0	0	0	0	0	0	592
D820N	missense	0	0	0	0	0	0	385	0	0	0	0	0	0	329
D820S	missense	0	0	0	0	0	0	3597	0	0	0	0	0	0	1570
D820T	missense	0	0	0	0	0	0	1156	0	0	2	0	0	0	3145
D820P	missense	0	0	0	0	0	0	508	0	0	0	0	0	0	1369
D820G	missense	0	0	1	5	0	0	3011	0	1	0	0	0	0	3461
D820C	missense	0	0	0	0	0	0	77	0	0	0	0	0	0	79
D820A	missense	0	0	0	0	0	0	2000	0	0	0	0	0	0	1344
D820V	missense	0	0	1	0	0	0	2309	0	0	2	0	0	0	2649
D820I	missense	0	0	0	0	0	0	315	0	0	0	0	0	0	657
D820L	missense	0	0	0	0	0	0	4080	0	0	0	0	0	0	1814
D820M	missense	0	0	1	0	0	0	1874	0	0	0	0	0	0	844
D820F	missense	0	0	0	0	0	0	1103	0	0	0	0	0	0	453
D820Y	missense	0	0	1	0	0	0	569	0	0	0	0	0	0	316
D820W	missense	0	0	0	0	0	0	505	0	0	0	0	0	0	446
D820_	nonsense	0	0	1	0	0	0	1392	0	0	0	0	0	0	535
L821E	missense	0	0	0	0	0	0	1103	0	0	1	0	0	0	902
L821D	missense	3	0	0	0	0	0	879	0	0	2	0	0	0	397
L821R	missense	0	0	0	0	0	0	1633	2	0	9	0	0	0	2457
L821K	missense	0	0	0	0	0	0	1467	0	0	0	0	0	0	287
L821H	missense	0	0	0	0	0	0	135	1	1	10	0	0	0	280
L821Q	missense	0	0	0	0	0	0	1275	0	0	0	0	0	0	1569
L821N	missense	3	0	0	0	0	0	635	0	0	0	0	0	0	762
L821S	missense	1	0	6	0	0	0	3653	0	0	1	0	0	0	2759
L821T	missense	0	1	0	1	0	0	1801	0	0	0	0	0	0	881
L821P	missense	0	0	0	0	0	0	498	1	1	1	0	0	0	791
L821G	missense	1	0	0	0	0	0	1874	0	0	1	0	0	0	1105
L821C	missense	0	0	0	0	0	0	832	0	0	0	0	0	0	744
L821A	missense	0	1	0	0	1	0	4175	0	0	2	0	0	0	1793
L821V	missense	790	529	7	98	97	2	4535	13	6	306	0	1	0	1978
L821I	missense	4794	1297	1072	323	931	26	1426	1	2	0	1	1	0	336
L821L	silent	842	3415	9381	663	581	134	3570	1967	3455	7605	205	226	19	2641
L821M	missense	70	83	2	27	0	0	1669	1	2	1	0	0	0	1228
L821F	missense	4	5	9	1	1	0	336	7	1	8	0	0	0	961
L821Y	missense	0	0	0	0	0	0	1162	0	0	0	0	0	0	276
L821W	missense	0	0	2	0	0	0	1541	0	0	0	0	0	0	355
L821_	nonsense	0	0	8	0	0	0	212	0	0	2	0	0	0	1168
L822E	missense	0	0	0	0	0	0	491	0	0	0	0	0	0	534
L822D	missense	0	0	0	0	0	0	1691	0	0	0	0	0	0	1083
L822R	missense	0	0	1	0	0	0	3985	5	0	0	0	0	0	3262
L822K	missense	0	0	0	0	0	0	228	0	0	0	0	0	0	821
L822H	missense	0	0	0	0	0	0	369	0	0	0	0	0	0	1473
L822Q	missense	0	0	0	0	0	0	387	0	0	0	0	0	0	470
L822N	missense	0	0	0	0	0	0	300	0	0	1	0	0	0	910
L822S	missense	0	0	31	1	0	0	1976	0	0	0	0	0	0	1329
L822T	missense	0	0	1	0	0	0	2440	0	0	0	0	0	0	627
L822P	missense	0	0	0	0	0	0	733	0	0	1	0	0	0	829
L822G	missense	0	1	0	0	0	0	1867	0	0	0	0	0	0	1772
L822C	missense	0	0	2	0	0	0	620	0	0	0	0	2	0	429
L822A	missense	0	7	0	0	0	0	1677	0	0	0	0	0	0	695
L822V	missense	11	8731	19	8	235	0	1713	12	982	1	0	397	1	3085
L822I	missense	4	5	4	208	975	3	1717	6	5	2762	4	2433	0	741
L822L	silent	3983	2809	138566	605	366	275	2369	146	58	366	67	123	11	3122
L822M	missense	4	9	164	4	4	0	1375	0	0	2	0	0	0	443
L822F	missense	28	26	2345	1	3	0	1717	10	6	5	26	0	0	311
L822Y	missense	0	0	1	0	0	0	590	0	0	0	0	0	0	849
L822W	missense	0	1	7	0	0	0	883	0	0	0	0	0	0	892
L822_	nonsense	0	0	4	0	0	0	240	0	0	0	0	0	0	504
F823E	missense	0	0	0	0	0	0	514	0	0	0	0	0	0	248
F823D	missense	0	0	0	0	0	0	169	0	1	0	1	0	0	953
F823R	missense	0	0	1	0	0	0	2157	0	0	0	0	0	0	2874
F823K	missense	0	0	0	0	0	0	371	0	0	0	0	0	0	352
F823H	missense	0	0	0	0	0	0	828	7	0	1	5	6	0	285
F823Q	missense	0	0	0	0	0	0	524	0	0	0	0	0	0	253
F823N	missense	0	0	0	0	0	0	383	0	0	1	0	3	0	977
F823S	missense	0	0	1	0	7	0	2036	14	5	8	2	58	0	1799
F823T	missense	0	0	0	0	0	0	747	0	0	0	0	0	0	723
F823P	missense	0	0	1	0	0	0	836	0	0	0	0	0	0	1001
F823G	missense	0	0	0	0	0	0	1512	0	0	0	0	0	0	2051
F823C	missense	0	1	4	1	0	0	1114	4	1	4	1	14	0	1392
F823A	missense	0	0	0	0	0	0	1377	0	0	1	0	0	0	1054
F823V	missense	0	0	0	0	0	0	2153	8	1	1	0	0	0	3033
F823I	missense	0	0	0	0	0	0	1825	0	0	1	0	0	0	320
F823L	missense	0	0	5	0	0	0	2929	0	5	11	0	1	0	2404
F823M	missense	0	0	0	0	0	0	616	7	0	0	0	0	0	1301
F823F	silent	1052	1410	12284	764	264	109	1085	378	10758	30518	1180	772	95	1748
F823Y	missense	58	700	26	687	9822	5	858	23420	7007	1322	9947	93727	29	1373
F823W	missense	0	0	0	0	0	0	826	0	0	0	0	0	0	1516
F823_	nonsense	0	0	0	0	1	0	152	2	0	1	1	8	0	491
N824E	missense	12	0	0	68	0	1	775	0	0	0	0	0	0	673
N824D	missense	0	0	0	0	1	0	862	19	1525	4	134	28	13	1469
N824R	missense	2	0	0	0	0	0	4385	8	0	0	0	0	0	5071
N824K	missense	20	2	27	1	0	0	557	1	1	1	0	0	0	1337
N824H	missense	2	2	1	0	0	0	699	2	0	0	0	0	0	726
N824Q	missense	314	334	676	97	36	7	1080	2	0	1	0	0	0	314
N824N	silent	4	5	3	0	0	0	1112	2159	1867	5862	126	168	18	2002
N824S	missense	15	6	1	0	0	2	2144	35	8	501	23	15	1	4152
N824T	missense	2457	3	1	44	8	1	1797	115	45	19	86	7	10	2307
N824P	missense	0	0	0	0	0	0	5489	0	0	0	0	0	0	1317
N824G	missense	0	0	0	0	0	0	2194	0	1	0	0	0	0	2365
N824C	missense	0	0	0	0	0	0	896	0	0	0	0	0	0	747
N824A	missense	10	0	0	0	17	3	1413	19	1	0	1	0	0	1628
N824V	missense	3	0	0	0	1	0	1891	0	0	0	0	0	0	2903
N824I	missense	0	0	0	0	0	0	1044	0	0	2	0	0	0	2591
N824L	missense	2	0	2	3	0	0	4231	2	3	2	0	0	0	4026
N824M	missense	33	6	1	12	4	3	2090	4	2	1	1	0	0	604
N824F	missense	0	0	0	0	0	0	1197	0	0	0	0	0	0	1007
N824Y	missense	0	1	0	0	0	0	1116	0	5	0	0	0	0	1231
N824W	missense	0	1	0	0	0	0	1887	0	0	0	0	0	0	846
N824_	nonsense	0	0	0	0	0	0	1425	0	0	0	0	0	0	501
K825E	missense	0	0	0	0	0	0	1647	1	0	2	0	0	0	917
K825D	missense	0	0	0	0	0	0	364	0	2	1	0	0	0	1970
K825R	missense	991	1671	5650	225	182	50	3184	1	39	3	0	22	1	1612
K825K	silent	3	12	33	2	1	1	729	2	0	1	0	0	0	609
K825H	missense	8	10	1	1	0	0	1122	10	8	194	1	11	0	782
K825Q	missense	18	10	45	1	1	0	434	69	15	1	3	9	0	924
K825N	missense	0	0	0	0	0	0	419	0	1	3	0	0	0	278
K825S	missense	37	3	0	18	46	0	4972	13	13	48	4	14	0	3818
K825T	missense	8	1	231	1	10	2	2654	0	0	1	4	0	0	1366
K825P	missense	0	0	1	0	0	0	619	0	0	0	0	0	0	767
K825G	missense	0	1	0	0	0	0	2674	0	0	0	0	0	0	2789
K825C	missense	0	0	0	0	0	0	438	0	0	0	0	0	0	316
K825A	missense	9	0	0	2	0	0	1826	0	0	0	0	0	0	1128
K825V	missense	23	1	3	0	0	1	2018	32	5	3	0	11	0	3120
K825I	missense	0	0	0	0	0	0	1855	3	0	1	0	0	0	603
K825L	missense	11	7	4	13	0	0	3129	2	0	1	1	0	0	1508
K825M	missense	2	1	2	1	0	0	712	9	0	0	0	1	0	1559
K825F	missense	0	0	0	0	0	0	984	0	1	0	0	0	0	567
K825Y	missense	0	0	1	0	0	0	1544	0	0	4	0	0	0	1078
K825W	missense	0	3	2	0	0	0	1445	0	0	0	0	0	0	2006
K825_	nonsense	0	0	0	0	0	0	931	0	1	0	0	0	0	935
V826E	missense	1	0	6	0	0	0	722	3	0	3	0	0	0	1296
V826D	missense	5	0	3	0	0	0	286	0	0	0	0	0	0	629
V826R	missense	0	2	1	0	0	0	1665	0	0	0	0	0	0	4019
V826K	missense	0	0	0	0	0	0	1151	0	0	0	0	0	0	853
V826H	missense	0	1	0	0	0	0	2171	0	0	0	0	0	0	629
V826Q	missense	0	0	0	0	0	0	1909	0	0	0	0	0	0	594
V826N	missense	0	0	0	0	0	0	686	0	0	0	0	0	0	891
V826S	missense	0	0	1	0	0	0	2307	0	0	0	0	0	0	3887
V826T	missense	0	0	0	0	0	0	354	0	0	0	0	0	0	637
V826P	missense	2	2	0	0	0	0	326	5	0	2	0	0	0	1673
V826G	missense	5	4	5	0	0	0	4178	0	2	1	0	0	0	2909
V826C	missense	0	0	0	0	0	0	870	0	0	0	0	0	0	954
V826A	missense	14	10	6	3	1	0	1598	0	1	4	0	0	0	1112
V826V	silent	55903	41520	91054	12039	9479	1744	3740	1447	4523	8316	542	645	43	2221
V826I	missense	10	12	20	2	0	0	562	0	0	2	0	1	0	908
V826L	missense	5926	5899	4744	478	303	37	5177	10070	3215	6094	251	158	26	1460
V826M	missense	6	0	4	0	0	0	893	13	1	7	0	0	0	1549
V826F	missense	20	24	45	9	4	0	1389	1	1	2	0	0	0	1063
V826Y	missense	1	0	0	0	0	0	695	0	0	0	0	0	0	803
V826W	missense	0	0	0	0	0	0	1008	0	0	0	0	0	0	1281
V826_	nonsense	0	0	0	0	0	0	543	0	0	0	0	0	0	192
T827E	missense	0	0	0	0	0	0	3	4	1	0	2	0	0	37
T827D	missense	0	0	0	0	0	0	91	0	0	0	0	0	0	0
T827R	missense	5	0	0	1	2	0	322	4	1	0	0	3	0	449
T827K	missense	0	0	0	0	0	0	11	0	0	0	0	0	0	20
T827H	missense	0	0	0	0	0	0	86	0	1	0	0	0	0	428
T827Q	missense	0	0	0	0	0	0	86	0	0	0	0	0	0	23
T827N	missense	0	0	0	0	0	0	55	0	0	0	0	0	0	204
T827S	missense	0	0	0	0	0	0	298	0	0	0	0	0	0	175
T827T	silent	0	0	0	0	0	0	272	0	0	0	0	0	0	47
T827P	missense	0	0	0	0	0	0	6	0	0	0	0	0	0	29
T827G	missense	0	0	0	0	0	0	258	0	0	0	0	0	0	163
T827C	missense	0	0	0	0	0	0	58	0	0	0	0	0	0	1209
T827A	missense	0	0	0	3	0	0	215	5	0	11	19	0	4	543
T827V	missense	0	0	1	0	0	0	288	8	22	2005	25	15	7	329
T827I	missense	0	0	0	0	0	0	124	0	0	6	0	0	0	199
T827L	missense	0	0	0	0	0	0	229	0	0	0	2	0	0	514
T827M	missense	0	0	0	0	0	0	45	3	0	0	0	0	0	125
T827F	missense	0	0	0	0	0	0	600	0	0	0	0	0	0	240
T827Y	missense	0	0	0	0	0	0	71	0	0	0	0	0	0	74
T827W	missense	0	0	0	0	0	0	66	0	0	0	0	0	0	12
T827_	nonsense	0	0	0	0	0	0	173	0	0	0	0	0	0	217
L828E	missense	0	0	0	0	0	0	583	0	0	0	0	0	0	1097
L828D	missense	0	0	0	0	0	0	1152	0	0	1	0	0	0	778
L828R	missense	5	1	3	0	0	0	2319	1	1	1	1	0	0	2807
L828K	missense	0	0	0	0	0	0	310	1	0	0	0	0	0	2061
L828H	missense	1	0	0	0	0	0	2212	0	2	2	0	0	0	1231
L828Q	missense	1	0	0	0	0	0	482	0	0	3	0	0	0	1170
L828N	missense	0	0	0	0	0	0	535	0	0	0	2	0	0	283
L828S	missense	3	0	1	0	0	0	3003	0	0	0	0	0	0	3074
L828T	missense	0	2	0	0	0	0	1434	4	14	0	10	2	0	1260
L828P	missense	0	0	4	2	0	0	1041	1	1	3	1	0	0	2547
L828G	missense	0	0	0	0	0	0	1633	0	0	0	0	0	0	995
L828C	missense	0	0	0	0	0	0	818	0	0	0	0	0	0	540
L828A	missense	0	0	4	0	2	0	691	0	2	0	0	0	0	1524
L828V	missense	0	2	2	1	0	0	1173	26	6	1	4	2	1	1400
L828I	missense	610	2522	3172	242	262	27	1482	1836	479	228	35	18	4	1053
L828L	silent	4871	4720	13857	2283	1585	273	2071	12600	19346	61706	1354	1645	195	3557
L828M	missense	3250	6635	7203	1330	1052	123	1106	2539	1607	958	112	114	10	2276
L828F	missense	0	0	2	1	0	0	611	108	35	52	32	59	2	825
L828Y	missense	1	0	0	0	20	1	1432	0	0	0	0	0	0	971
L828W	missense	0	0	0	0	0	0	1096	0	0	0	0	0	0	1339
L828_	nonsense	0	0	0	0	0	0	1177	0	0	0	0	0	0	895
A829E	missense	2	3	1	1	2	0	123	0	0	0	0	0	0	150
A829D	missense	2	0	1	2	1	0	8	0	0	0	0	0	0	30
A829R	missense	355	733	7026	1143	4511	203	1976	159	913	1320	36	35	6	3380
A829K	missense	1	2	1	2	2	0	491	9	1	0	0	2	0	1428
A829H	missense	0	0	0	0	0	0	445	0	0	0	0	0	0	845
A829Q	missense	0	2	0	0	6	0	391	0	0	0	0	1	0	135
A829N	missense	24	13	0	62	10	3	351	0	0	1	0	0	0	494
A829S	missense	1263	274	4059	390	383	76	1411	38	1181	214	10	7	4	1266
A829T	missense	4	2	20	2	3	0	1165	52	28	1580	75	101	4	2170
A829P	missense	1	0	2	5	17	0	748	2	2	9	0	0	0	797
A829G	missense	4749	534	2514	346	338	32	3126	210	33	14	22	21	1	1104
A829C	missense	2	2	0	0	0	0	459	0	0	0	0	0	0	898
A829A	silent	29	9	39	11	20	0	892	80	4038	263	244	181	16	730
A829V	missense	977	1399	675	299	289	46	1289	3	0	1	0	0	0	700
A829I	missense	0	0	0	0	0	0	123	0	2	1	0	2	0	577
A829L	missense	51	296	309	29	99	11	2356	60	7	33	5	33	1	1366
A829M	missense	61	1	4	13	0	0	388	3	2	0	0	0	0	380
A829F	missense	0	1	0	0	1	0	5	0	0	0	0	0	0	727
A829Y	missense	0	0	0	0	0	0	242	0	0	0	0	0	0	159
A829W	missense	0	0	0	1	8	0	247	0	2	0	0	0	0	508
A829_	nonsense	0	1	0	0	0	0	236	0	1	0	0	0	0	856
D830E	missense	0	0	0	0	0	0	685	0	0	0	0	0	0	897
D830D	silent	1516	18	1873	72	174	1	1729	2191	5577	17200	304	478	73	1724
D830R	missense	0	0	0	0	0	0	993	0	0	1	0	0	0	4204
D830K	missense	0	0	0	0	0	0	849	0	0	0	0	0	0	222
D830H	missense	0	0	1	0	0	0	326	0	0	0	0	0	0	742
D830Q	missense	0	0	0	0	1	0	488	0	0	0	0	0	0	583
D830N	missense	0	0	0	0	0	0	761	1	1	0	0	0	0	811
D830S	missense	2	0	0	0	0	0	1663	0	0	0	0	0	0	1653
D830T	missense	2	0	0	6	0	0	1864	0	0	3	0	0	0	1565
D830P	missense	0	0	0	0	0	0	391	0	0	0	0	0	0	567
D830G	missense	0	0	0	0	0	0	1832	6	0	2	0	0	0	1990
D830C	missense	0	0	0	0	0	0	735	0	0	0	0	0	0	1426
D830A	missense	0	0	0	0	0	0	722	0	0	2	0	0	0	1162
D830V	missense	0	0	0	0	0	0	592	10	0	5	0	0	0	3442
D830I	missense	0	0	1	0	0	0	461	0	0	0	0	0	0	509
D830L	missense	0	0	0	0	0	0	1522	29	1	1	1	0	0	2516
D830M	missense	0	0	0	0	0	0	558	0	0	0	1	0	0	618
D830F	missense	0	0	0	0	0	0	420	0	0	0	0	0	0	479
D830Y	missense	0	0	2	0	0	0	1682	2	0	0	0	0	0	474
D830W	missense	0	0	0	0	0	0	478	0	0	0	0	0	0	430
D830_	nonsense	0	0	0	0	0	0	567	0	0	0	0	0	0	233
A831E	missense	0	1	3	1	1	0	702	6	668	0	1	0	0	176
A831D	missense	12	3	68	13	8	2	1366	0	15	10	0	0	0	143
A831R	missense	1056	8	136	20	42	6	1899	1	0	0	0	0	0	1078
A831K	missense	0	0	0	0	0	0	128	0	0	0	0	0	0	498
A831H	missense	0	0	0	0	0	0	612	1	4	0	0	1	0	312
A831Q	missense	0	0	0	0	2	0	327	0	0	0	0	0	0	720
A831N	missense	4	0	0	0	0	0	663	0	0	0	0	0	0	438
A831S	missense	22	75	198	18	2	5	5322	1381	3373	4441	197	147	29	3907
A831T	missense	10	5	6	0	0	1	2083	0	1	5	0	0	0	1203
A831P	missense	8990	1094	4469	179	272	26	801	4	5	1	0	2	0	553
A831G	missense	259	1538	4630	579	214	47	1726	0	0	3	0	0	0	665
A831C	missense	0	0	1	0	0	0	1164	0	0	0	0	0	0	392
A831A	silent	714	3482	6112	1035	832	144	2191	1534	7479	13532	401	922	134	3671
A831V	missense	0	5	14	1	2	0	908	13	964	8	14	1	0	1192
A831I	missense	0	0	0	0	0	0	772	0	0	0	0	0	0	367
A831L	missense	31	99	2	7	5	2	1192	10	6	6	0	11	0	3142
A831M	missense	0	0	0	0	0	0	534	0	0	0	0	0	0	152
A831F	missense	6	6	0	9	32	3	849	0	0	0	0	0	0	373
A831Y	missense	0	0	1	0	0	0	815	0	0	0	1	0	0	674
A831W	missense	1	0	0	5	0	0	1556	0	0	0	0	0	0	718
A831_	nonsense	0	0	0	0	0	0	329	0	1	0	0	0	0	169
G832E	missense	0	0	0	4	0	0	780	1	0	6	0	0	0	781
G832D	missense	11	3	1	8	3	0	1505	1	1	0	0	0	0	1327
G832R	missense	0	0	4	0	0	0	3422	0	0	17	0	0	0	2546
G832K	missense	0	0	0	0	0	0	809	0	2	0	0	0	0	585
G832H	missense	0	0	0	0	0	0	306	0	0	0	0	0	0	344
G832Q	missense	4	0	1	0	0	0	593	0	0	0	0	0	0	628
G832N	missense	0	0	0	0	0	0	510	0	0	0	0	0	0	1780
G832S	missense	13	1	0	0	0	0	3417	21	5	1	0	0	0	4672
G832T	missense	0	0	0	0	0	0	2368	0	1	0	0	0	0	1914
G832P	missense	0	0	0	0	0	0	1399	0	0	0	0	0	0	1106
G832G	silent	150	636	1027	226	128	29	3248	4833	7783	8504	174	248	58	2681
G832C	missense	0	0	0	0	0	0	1116	0	0	2	0	0	0	1702
G832A	missense	0	0	0	1	0	0	2281	0	2	0	0	0	0	1730
G832V	missense	0	0	0	0	0	0	2879	0	1	3	0	0	0	3318
G832I	missense	0	0	1	0	0	0	809	0	0	0	0	0	0	597
G832L	missense	0	0	0	0	0	0	3300	0	0	3	0	0	0	2824
G832M	missense	0	0	0	0	0	0	719	0	1	0	0	0	0	968
G832F	missense	0	0	0	0	0	0	668	0	0	1	0	0	0	1044
G832Y	missense	0	180	0	0	4	0	779	0	0	0	0	0	0	868
G832W	missense	0	0	0	0	0	0	1444	7	6	0	0	0	0	1354
G832_	nonsense	0	0	0	0	0	0	577	0	0	0	0	0	0	2373
F833E	missense	1	0	0	7	17	0	1569	0	0	0	0	0	0	1616
F833D	missense	0	0	0	0	0	0	311	0	0	0	0	0	0	712
F833R	missense	0	0	3	0	0	0	2972	30	5	1	4	2	0	5875
F833K	missense	384	0	0	0	0	0	1033	0	0	0	0	0	0	569
F833H	missense	42	5	957	3	1	0	1313	2	0	1	0	9	0	952
F833Q	missense	0	0	0	0	3	0	775	0	0	0	0	0	0	846
F833N	missense	1	0	1	0	0	0	82	0	0	0	0	0	0	31
F833S	missense	3	1	1	0	0	0	2772	7	1	2	0	2	0	3986
F833T	missense	0	0	0	0	0	0	1329	0	1	0	0	0	0	722
F833P	missense	8	0	1	0	0	0	638	0	0	0	0	0	0	494
F833G	missense	5	4	0	0	0	0	3131	1	0	1	1	0	0	2366
F833C	missense	0	0	1	0	0	0	1430	14	1	0	0	0	0	799
F833A	missense	2	0	0	0	0	0	1645	0	0	0	0	0	0	1698
F833V	missense	4	0	0	1	0	0	5332	1	1	2	0	0	0	3632
F833I	missense	0	0	0	0	0	0	773	0	1	1	0	0	0	353
F833L	missense	2	3	8	0	1	0	1259	28	5	5	0	1	0	3857
F833M	missense	2	0	2	0	0	0	709	180	106	9	4	7	5	903
F833F	silent	68	2339	156	189	81	32	2060	11460	14843	27782	795	1550	174	991
F833Y	missense	5	1	5	18	16	1	2391	5524	68	9	55	40	5	1965
F833W	missense	0	0	0	0	0	0	1242	0	3	0	0	0	0	787
F833_	nonsense	0	0	0	0	0	0	703	1	0	2	0	0	0	1054
I834E	missense	9908	3851	4652	629	415	95	492	5	3	15	7	0	0	796
I834D	missense	70	39	24	27	3	2	1399	5	21	70	0	0	0	797
I834R	missense	24	564	0	2	6	1	3509	4	47	8	0	0	0	2285
I834K	missense	56	36	15	14	3	0	497	13	7	2	3	1	0	1085
I834H	missense	85	28	39	44	2	2	293	1	5	121	0	0	0	811
I834Q	missense	2201	1891	687	96	3	0	573	3	10	16	0	2	0	637
I834N	missense	19	12	4	24	0	2	1833	2283	1127	213	79	28	0	518
I834S	missense	41	62	34	12	38	2	1827	147	1328	3402	127	51	6	4100
I834T	missense	6296	8707	2253	377	140	23	2271	44	251	1080	28	11	1	998
I834P	missense	5	14	13	1	0	0	684	18	34	41	1	1	0	1474
I834G	missense	570	569	6	154	55	9	2190	325	5102	4	37	15	7	2186
I834C	missense	11	2	7	1	2	0	1173	3	30	3	1	0	0	1650
I834A	missense	6401	9050	10202	1495	380	74	2600	2691	10667	23212	206	76	13	2391
I834V	missense	5299	15390	10376	702	367	94	4721	26230	25088	55976	685	820	115	3941
I834I	silent	109	110	59	24	11	4	2108	205	197	246	8	9	0	1213
I834L	missense	11560	34691	30667	6061	4683	584	4032	25435	58121	75043	5820	4673	345	1979
I834M	missense	16340	8659	26955	2722	1742	248	1066	1325	7977	950	588	409	45	776
I834F	missense	2300	434	157	92	90	4	463	70	85	35	7	6	0	357
I834Y	missense	3566	1558	1044	129	63	8	1879	23	29	439	7	1	3	823
I834W	missense	11	6	1	1	1	0	1200	0	16	0	0	0	0	998
I834_	nonsense	20	17	22	2	2	0	1009	0	2	16	1	0	0	507
K835E	missense	2395	686	2329	404	220	64	2442	44	7	27	1	1	0	534
K835D	missense	30	20	16	4	2	0	1608	83	76	56	1	2	0	1200
K835R	missense	902	35	3939	228	94	6	1405	327	4459	2959	188	365	28	2149
K835K	silent	1704	161	622	338	433	76	823	149	167	4256	330	257	20	748
K835H	missense	21	19	125	74	1	2	690	15	1	1	0	1	1	435
K835Q	missense	201	1735	2376	159	67	43	1755	182	5	1	21	26	1	871
K835N	missense	31	39	27	7	11	0	1424	737	94	483	20	13	2	1254
K835S	missense	58	25	38	57	40	7	1578	852	210	438	24	18	3	2795
K835T	missense	8862	5352	6872	527	571	79	2228	1096	1119	424	63	51	7	878
K835P	missense	4	2	0	0	0	0	1122	6	2	0	5	8	0	1534
K835G	missense	10847	3266	4674	887	600	81	2298	18448	15250	28777	634	869	88	3896
K835C	missense	14	10	1	2	2	1	915	50	35	11	0	2	0	841
K835A	missense	3	0	3	1	1	0	707	15	6	2	3	15	1	855
K835V	missense	394	198	567	57	29	9	1905	229	10	12	28	29	2	4159
K835I	missense	13	3	7	0	0	2	1367	10	11	2	1	0	0	1190
K835L	missense	14	152	6	10	8	1	2047	13	26	266	5	15	1	2587
K835M	missense	45	43	558	150	84	49	1396	32	9	7	0	9	0	514
K835F	missense	19	15	1	2	2	0	2016	7	12	3	0	0	0	1080
K835Y	missense	5	1	0	32	1	1	808	6	6	1	0	0	0	1942
K835W	missense	11	1	0	0	0	0	621	25	5	13	1	2	0	633
K835_	nonsense	11	5	2	2	1	0	1318	1	0	0	0	0	0	1074
Q836E	missense	65	476	215	265	135	38	1981	4745	3139	13435	604	495	105	732
Q836D	missense	47	26	6	12	1	0	569	5	7	178	3	2	0	574
Q836R	missense	9	4	8	25	7	1	3421	16	25	14	28	2	0	2684
Q836K	missense	2837	903	7530	233	95	20	1686	6671	1383	1545	41	56	5	1940
Q836H	missense	8969	2976	2335	163	143	15	1096	45	14	948	40	5	2	826
Q836Q	silent	249	1928	290	306	264	68	1392	411	656	1603	150	95	15	2422
Q836N	missense	19	6	13	11	79	0	692	18	36	181	8	2	0	586
Q836S	missense	377	543	819	59	43	11	3491	6438	7118	7527	227	133	22	5178
Q836T	missense	647	569	1192	283	124	22	2109	3089	1048	1733	33	68	4	1781
Q836P	missense	64	17	24	12	13	0	1054	753	65	97	5	3	0	1043
Q836G	missense	6212	704	1648	284	29	14	4239	74	133	1585	49	12	2	1573
Q836C	missense	3	0	0	0	0	0	458	0	1	0	0	0	0	1514
Q836A	missense	1	0	0	0	0	0	477	51	288	9776	56	7	16	1585
Q836V	missense	3114	1474	736	138	106	20	3191	8002	10355	11020	252	251	33	1947
Q836I	missense	30	4	0	1	0	0	535	18	3	1	0	0	0	746
Q836L	missense	1390	1032	1826	132	53	22	2780	9801	11220	4362	1129	693	146	3292
Q836M	missense	3	0	1	0	0	0	808	61	70	1087	34	10	1	1040
Q836F	missense	17	153	3	5	11	0	791	52	283	144	40	66	99	934
Q836Y	missense	1	2	0	1	1	0	277	3346	6	39	26	5	0	1160
Q836W	missense	9	7	0	24	0	2	1960	2	2	1	0	0	0	694
Q836_	nonsense	1	4	9	1	1	0	1931	131	71	73	1	2	0	964
Y837E	missense	41	20	0	2	5	14	608	2	5	1	1	0	1	991
Y837D	missense	89	45	6	10	8	0	1061	17	9	0	0	5	0	995
Y837R	missense	30	20	17	8	5	1	1999	0	2	20	2	1	0	2156
Y837K	missense	1	2	0	3	9	0	829	4	1	0	14	9	0	545
Y837H	missense	40636	24902	39801	4796	2421	454	1089	660	5324	3411	108	107	21	2098
Y837Q	missense	89	35	8	26	91	26	1251	86	144	1	24	63	13	1381
Y837N	missense	97	62	29	13	19	0	828	2	8	11	8	2	2	780
Y837S	missense	2	4	2	0	3	0	2297	152	66	118	69	99	23	3966
Y837T	missense	26	9	3	6	31	2	2776	59	9	20	11	14	1	1742
Y837P	missense	2	2	1	0	2	0	1020	0	0	1	0	0	0	2545
Y837G	missense	0	1	0	0	0	0	2036	11	0	2	0	0	0	2627
Y837C	missense	9	13	17	1	16	0	778	6	31	210	14	24	0	1025
Y837A	missense	20	29	0	0	55	6	1543	62	4	2	24	43	2	1449
Y837V	missense	107	433	3	126	158	51	3682	15	0	82	6	0	1	1838
Y837I	missense	5	3	0	18	49	0	1071	5	12	0	58	52	2	807
Y837L	missense	194	127	29	2768	2084	94	5348	69	21	29	346	154	13	3009
Y837M	missense	74	19	5	4143	6186	120	1009	87	39	4	8146	4296	103	1109
Y837F	missense	2	4	1	32	38	0	850	13	254	32	23	59	10	1079
Y837Y	silent	5654	4742	7325	1033	728	145	1596	46	152	220	20	14	0	409
Y837W	missense	33	46	64	45	58	1	1226	297	2641	15096	1384	1566	73	706
Y837_	nonsense	10	14	21	16	21	0	2293	7	26	150	15	15	0	387
G838E	missense	1	1	0	0	0	0	408	0	1	1	0	0	0	996
G838D	missense	0	3	0	0	1	0	594	26	8	0	7	22	2	1004
G838R	missense	328	604	830	156	199	48	4801	175	48	29	28	49	10	3466
G838K	missense	31	101	49	2	289	14	872	0	1	0	0	0	0	409
G838H	missense	0	0	0	0	0	0	139	0	0	0	0	0	0	343
G838Q	missense	0	0	0	0	0	0	617	0	0	0	0	0	0	341
G838N	missense	78	12	1	15	49	13	1110	1	0	0	0	0	0	266
G838S	missense	361	32	434	93	9	28	2649	500	1894	393	711	2241	109	2376
G838T	missense	147	1605	1567	176	316	27	1251	21	6	0	24	7	0	1399
G838P	missense	1	1	0	0	0	0	1286	1	1	0	0	0	0	1756
G838G	silent	10075	13842	9024	2412	2242	270	3211	977	4270	5880	122	165	20	2970
G838C	missense	3	8	5	4	11	0	1047	59	31	32	11	19	0	1013
G838A	missense	24	182	22	152	30	11	2998	529	381	7	120	97	14	1121
G838V	missense	76	21	53	5	11	5	1137	13	12	3	3	1	1	1942
G838I	missense	17	7	1	3	15	1	1454	9	1	923	0	0	0	744
G838L	missense	0	1	3	1	1	0	1973	180	11	3	1	4	0	1738
G838M	missense	20	0	0	3	5	5	1536	0	4	1	0	0	0	1077
G838F	missense	37	143	193	1476	1149	46	746	2721	5081	25	250	172	36	550
G838Y	missense	1	0	0	0	0	0	595	3	2	0	3	0	0	447
G838W	missense	1	9	3	39	59	10	1200	3451	1480	2639	1246	543	26	1998
G838_	nonsense	0	1	0	0	1	0	436	1	3	1	1	6	0	922
D839E	missense	7	8	3	0	0	0	21	5	1	5	0	1	0	379
D839D	silent	6	9	16	1	1	0	301	58	104	86	1	2	0	930
D839R	missense	1	0	5	8	0	0	251	497	2	8	8	1	3	884
D839K	missense	33	43	35	1	0	0	55	1	6	10	1	0	0	72
D839H	missense	5	0	106	0	1	0	578	10	5	14	0	0	0	423
D839Q	missense	0	0	0	0	0	0	6	15	2	88	0	0	0	12
D839N	missense	13	12	14	6	3	0	184	12765	31284	26677	268	197	28	949
D839S	missense	13	6	3278	4	5	0	1177	9607	2077	8572	85	101	13	549
D839T	missense	10620	12263	7485	377	237	40	479	16	342	11	0	7	0	80
D839P	missense	597	30	4227	38	48	1	941	3078	335	4491	5	12	1	453
D839G	missense	0	1	0	0	0	0	529	20	0	20	0	0	0	416
D839C	missense	0	1	1	0	0	0	197	6	0	2	0	0	0	2968
D839A	missense	68	104	94	8	5	0	686	27	12	23	1	1	0	474
D839V	missense	0	1	0	0	1	0	857	24	92	21	15	3	1	467
D839I	missense	0	0	0	0	0	0	1180	12	10	13	0	1	0	563
D839L	missense	12	3	2	3	1	0	751	2552	1611	2126	13	6	3	1269
D839M	missense	1	3	2	1	0	0	95	65	1841	2997	40	75	7	1273
D839F	missense	1	0	0	1	0	0	274	5	4	12	0	0	0	436
D839Y	missense	0	1	6	0	1	0	959	11	28	7	2	0	0	158
D839W	missense	1	233	2	3	15	0	427	1	0	6	0	0	0	126
D839_	nonsense	0	4	39	0	0	0	85	12	8	20	0	0	0	11
C840E	missense	0	0	0	0	0	0	434	0	0	0	0	0	0	535
C840D	missense	0	0	0	0	0	0	585	0	0	0	0	0	0	1173
C840R	missense	0	1	0	0	0	0	1467	0	0	0	0	0	0	2934
C840K	missense	0	0	1	0	0	0	818	0	0	0	0	0	0	484
C840H	missense	0	0	2	0	0	0	1685	0	0	0	0	0	0	609
C840Q	missense	0	0	0	0	0	0	1474	0	0	0	0	0	0	656
C840N	missense	0	0	0	0	0	0	446	0	0	0	0	0	0	428
C840S	missense	0	0	0	0	0	0	5248	0	0	1	0	0	0	1440
C840T	missense	0	0	0	0	0	0	1593	0	0	0	0	0	0	1693
C840P	missense	0	0	0	0	0	0	590	0	0	1	0	0	0	844
C840G	missense	0	0	0	0	0	0	2079	0	0	0	0	0	0	2126
C840C	silent	1005	949	6	128	55	12	1683	12	13	130	3	10	9	1961
C840A	missense	0	0	0	0	0	0	1962	0	0	0	0	0	0	2002
C840V	missense	0	0	0	0	0	0	1982	0	0	0	0	0	0	1581
C840I	missense	0	0	0	0	0	0	776	0	0	0	0	0	0	573
C840L	missense	0	0	2	0	0	0	3205	0	0	1	0	0	0	2821
C840M	missense	0	0	0	0	0	0	425	0	0	0	0	0	0	774
C840F	missense	0	0	0	0	0	0	1704	0	0	0	0	0	0	1540
C840Y	missense	0	0	0	0	0	0	378	0	0	0	0	0	0	1043
C840W	missense	0	0	0	0	0	0	1106	0	1	0	0	0	0	901
C840_	nonsense	0	0	0	0	0	0	665	0	0	0	0	0	0	639
L841E	missense	0	1	0	0	0	0	234	7	7	0	0	17	3	262
L841D	missense	15	10	0	47	10	0	642	0	0	0	0	1	0	397
L841R	missense	4591	2781	5931	596	329	41	6929	14445	4281	13192	536	478	47	2087
L841K	missense	1	0	0	0	0	0	629	154	16	6	8	60	0	667
L841H	missense	824	1437	1320	107	37	3	844	4	3	2	1	2	0	572
L841Q	missense	2	0	3	0	0	0	510	5	2	3	1	23	0	1390
L841N	missense	3	0	1	30	38	4	920	2	1	1	0	0	0	392
L841S	missense	6422	387	1342	17	84	1	2316	7647	9287	22945	349	677	58	2494
L841T	missense	1757	962	1133	149	241	25	1537	8458	7293	23277	1557	2339	242	1316
L841P	missense	23	12	15	1	2	0	1395	106	114	156	23	24	0	630
L841G	missense	45	481	71	138	213	16	2572	329	434	3094	128	305	41	2540
L841C	missense	0	0	0	0	0	0	167	8	1	0	0	0	0	495
L841A	missense	15	846	592	95	79	9	806	31	900	22	17	0	3	2033
L841V	missense	532	12	5	100	47	13	1767	19	19	57	0	15	0	1334
L841I	missense	1005	9	95	35	20	8	1981	200	3310	532	13	11	2	803
L841L	silent	234	2107	2433	235	408	65	3668	6367	491	3247	303	395	45	2150
L841M	missense	17	8	674	7	93	1	627	24164	21987	38923	1485	1077	140	1456
L841F	missense	8	3	22	3	3	0	643	29	18	15	0	2	0	444
L841Y	missense	3	1	0	0	2	0	1022	4308	2014	421	158	154	16	971
L841W	missense	2	1	4	1	2	0	678	912	5	5	41	17	0	1473
L841_	nonsense	3	0	1	0	0	0	2660	17	4	3	0	0	0	548
G842E	missense	1584	132	1616	254	221	16	1169	22	26	32	52	42	8	1382
G842D	missense	17	10	62	3	4	0	394	3	15	21	38	3	2	216
G842R	missense	1683	1102	3229	526	196	36	1179	30	22	183	19	17	5	2561
G842K	missense	169	134	780	131	82	11	2667	5	16	6	1	1	0	184
G842H	missense	39	38	200	12	11	0	741	12	33	741	6	3	3	571
G842Q	missense	5463	4740	10924	2146	1700	336	285	1199	4128	5266	287	174	35	1075
G842N	missense	2	5	17	1	5	0	680	1	1046	2	3	96	2	600
G842S	missense	497	17	483	61	34	8	2241	35	15	532	29	12	2	1934
G842T	missense	0	0	22	0	0	0	843	10	2	2	70	21	2	931
G842P	missense	1	0	4	2	0	0	1817	0	4	0	0	0	0	335
G842G	silent	71	24	1113	111	114	13	1300	3091	7874	11726	597	394	72	2475
G842C	missense	0	0	1	1	0	0	1109	18	1	9	3	0	0	1035
G842A	missense	0	0	1	1	1	0	982	442	2	0	26	17	1	872
G842V	missense	21	22	16	31	22	4	1900	32	10	331	4	5	0	2946
G842I	missense	42	0	0	0	0	0	667	17	0	2	14	0	0	1105
G842L	missense	87	44	8	32	60	4	2645	7	4	2	2	0	2	2029
G842M	missense	0	4	0	0	19	0	624	12	0	0	0	0	0	563
G842F	missense	1	2	0	14	0	0	977	0	2	45	3	2	0	845
G842Y	missense	0	1	2	0	0	0	877	4	0	2	0	2	0	893
G842W	missense	1	5	3	1	0	0	378	1	0	1	0	0	0	965
G842_	nonsense	16	7	3	5	0	0	543	10	12	4	1	0	0	984
D843E	missense	7	8	45	2	0	0	383	7	1	5	0	0	0	305
D843D	silent	29	9	251	55	8	2	896	138	3162	1134	199	364	38	731
D843R	missense	0	0	1	0	0	0	1812	14	9	0	8	1	1	2014
D843K	missense	0	1	0	0	0	0	495	17	0	0	0	0	1	426
D843H	missense	14	3	3	0	3	0	582	2	0	3	0	0	0	489
D843Q	missense	940	603	14	68	40	17	328	1	0	0	0	0	0	517
D843N	missense	0	0	0	0	0	0	702	56	1	0	2	12	0	383
D843S	missense	13	253	420	39	0	1	1714	1486	7	0	0	11	0	3007
D843T	missense	0	0	0	0	1	0	782	0	0	0	0	0	0	687
D843P	missense	0	0	0	0	0	0	1227	0	0	0	0	0	0	420
D843G	missense	45	105	3856	78	8	20	1653	717	467	26	81	101	22	1599
D843C	missense	0	0	0	0	0	0	981	0	0	0	0	0	0	1043
D843A	missense	2	1	4	0	4	0	632	784	11	221	27	33	5	1871
D843V	missense	1	0	16	1	0	0	2561	18	2	1	19	0	0	1326
D843I	missense	0	0	0	0	0	0	618	5	0	0	0	0	0	410
D843L	missense	3	0	0	2	0	0	1591	0	2	0	0	1	0	1417
D843M	missense	0	0	0	0	0	0	1098	0	0	0	0	0	0	305
D843F	missense	0	0	1	4	0	0	288	0	2	1	0	0	0	2260
D843Y	missense	0	1	2	0	0	0	498	1	0	0	0	0	0	457
D843W	missense	0	0	1	0	0	0	533	0	0	0	0	0	0	110
D843_	nonsense	0	0	0	0	0	0	2524	8	2	0	0	0	0	853
I844E	missense	168	4	115	121	3	4	439	2	0	1	0	0	0	715
I844D	missense	6	2	1	0	2	0	620	0	0	0	0	0	0	392
I844R	missense	1375	98	282	433	729	18	3268	79	159	1644	135	153	15	3227
I844K	missense	1423	753	771	402	228	24	567	1	1	0	18	0	0	1233
I844H	missense	0	0	1	1	0	0	316	0	0	0	0	0	0	456
I844Q	missense	1	0	0	0	0	0	493	0	0	0	0	0	0	558
I844N	missense	18	18	7	3	2	0	87	11	8	0	4	32	2	432
I844S	missense	3606	37	6121	376	535	26	1818	2853	36	232	10	89	5	1449
I844T	missense	43	24	19	12	13	0	923	2396	1228	1144	156	336	21	1803
I844P	missense	9	3	17	0	3	2	1714	9	2	0	0	1	0	815
I844G	missense	34	3	697	66	57	4	2558	1025	27	818	114	120	9	2095
I844C	missense	22	31	21	8	0	0	687	17	40	37	0	2	0	499
I844A	missense	101	680	1341	199	287	18	814	2	2	2	0	0	0	1441
I844V	missense	155	2675	4160	149	193	12	1995	1821	585	9165	205	348	51	1812
I844I	silent	103	55	237	46	28	0	889	215	65	191	9	32	0	232
I844L	missense	5727	1865	5014	630	405	49	1854	2343	417	7526	104	194	19	3898
I844M	missense	25	36	342	52	60	10	652	9288	40	3190	60	102	12	963
I844F	missense	43	15	10	10	5	3	626	337	3417	4346	295	269	31	485
I844Y	missense	51	1	24	10	0	0	294	3	2	2	9	20	0	1306
I844W	missense	1041	1858	2039	135	54	1	1187	1226	2098	2975	102	150	8	944
I844_	nonsense	3	0	2	0	0	0	471	8	1	2	0	0	0	556
A845E	missense	9	3	5	2	3	0	505	0	0	1	2	1	0	371
A845D	missense	1119	1632	536	449	102	30	1014	0	2	6	0	0	0	223
A845R	missense	113	2886	604	402	423	27	2158	33	20	7	107	128	2	2489
A845K	missense	2655	293	781	958	694	36	1232	185	36	1709	129	99	10	1582
A845H	missense	2	21	36	3	3	0	173	0	0	0	0	0	0	399
A845Q	missense	191	3428	4854	901	401	54	470	4	9	2	1	10	0	389
A845N	missense	189	24	1275	375	366	33	419	1	2	16	2	4	5	1243
A845S	missense	470	1533	1230	263	125	34	2000	5	15	13	8	39	3	2127
A845T	missense	175	10	11	21	59	5	1513	3254	1794	4051	189	115	18	927
A845P	missense	16	39	10	101	51	4	781	1038	1138	2098	154	1786	127	2525
A845G	missense	1736	1006	391	131	64	8	1806	6	1553	2	19	39	0	868
A845C	missense	3	2	5	2	1	0	146	0	1	1	0	0	0	2118
A845A	silent	36	24	831	39	23	0	1716	2508	2948	19936	672	2464	155	1638
A845V	missense	3894	46	55	146	53	11	2142	39	624	4283	133	34	8	1141
A845I	missense	2	1	230	11	0	0	937	0	0	10	0	0	0	145
A845L	missense	122	66	5	45	47	7	1963	22	197	5	3	0	0	1097
A845M	missense	2	5	1	0	2	0	950	11	9	445	3	26	7	271
A845F	missense	1	0	0	0	0	0	224	0	0	0	0	0	0	248
A845Y	missense	4	3	40	31	1	3	844	1	0	0	2	0	0	519
A845W	missense	384	171	542	60	99	6	1862	0	0	0	0	0	0	465
A845_	nonsense	1	6	5	3	1	0	556	0	0	0	0	0	0	657
A846E	missense	42	7	0	95	86	3	866	792	698	2	20	26	11	1091
A846D	missense	1	0	0	2	2	0	527	20	2	0	1	6	0	551
A846R	missense	7	0	31	117	68	2	2553	69	40	1	42	72	3	2152
A846K	missense	3	0	0	0	0	0	349	3	0	0	8	2	0	687
A846H	missense	0	0	0	0	0	0	173	0	0	0	0	0	0	0
A846Q	missense	0	0	0	0	0	0	156	0	0	0	0	0	0	5
A846N	missense	0	0	0	0	0	0	842	5	2	0	15	6	0	428
A846S	missense	396	8	27	79	26	14	3026	1291	4227	10250	6422	35541	1422	1944
A846T	missense	2756	24	1979	174	125	18	1288	95	360	1416	112	123	15	1729
A846P	missense	2	0	0	1	0	0	543	1	1	7	1	1	2	560
A846G	missense	22	5	0	50	46	12	1530	684	0	0	38	0	3	1914
A846C	missense	0	0	0	0	0	0	978	0	0	0	0	0	0	339
A846A	silent	98	406	796	67	67	16	1648	566	81	5027	199	326	12	987
A846V	missense	52	11	160	9	38	12	2445	19	0	5	1	0	0	1548
A846I	missense	0	0	0	0	0	0	184	0	0	4	0	0	0	418
A846L	missense	4	0	1	0	0	0	1006	17	9	3	3	13	0	1557
A846M	missense	1	0	0	1	1	0	293	5	3	1051	0	0	0	820
A846F	missense	8	0	0	0	0	0	643	0	0	0	0	0	0	397
A846Y	missense	0	0	0	0	0	0	310	0	0	1	0	0	0	168
A846W	missense	0	0	0	0	0	0	329	0	0	0	0	0	0	493
A846_	nonsense	0	0	0	0	0	0	945	0	0	0	0	1	0	198
R847E	missense	293	373	386	326	843	114	890	139	62	2	108	325	21	456
R847D	missense	21	3	0	58	29	6	655	8	3	0	2	7	1	514
R847R	silent	44	7	274	93	121	3	2025	29	120	2	55	14	5	1600
R847K	missense	573	2	3	56	5	1	453	2196	459	0	42	64	4	664
R847H	missense	38	15	11	193	205	31	876	1	0	0	0	0	0	204
R847Q	missense	0	0	0	1	0	0	432	0	0	0	0	0	0	221
R847N	missense	2	0	0	2	1	0	813	2	0	0	0	0	0	103
R847S	missense	3	6	10	21	24	14	1682	368	479	2974	139	225	26	1585
R847T	missense	76	14	380	34	72	50	1695	4	3	29	0	2	0	759
R847P	missense	0	0	0	0	0	0	322	2	0	1	0	0	0	1572
R847G	missense	29	263	253	95	38	19	1195	22	11	10	15	17	8	1577
R847C	missense	0	0	0	0	0	0	1923	4	2	18	0	0	0	1382
R847A	missense	10	2	1	12	111	8	1496	364	148	945	65	118	23	1708
R847V	missense	4	4	70	9	3	0	1792	25	10	8	2	2	0	1891
R847I	missense	0	0	0	0	0	0	826	5	0	0	1	0	0	546
R847L	missense	1	0	0	9	7	0	1835	59	91	20	17	25	19	1446
R847M	missense	1	0	0	0	0	0	643	1308	17	228	21	35	3	1203
R847F	missense	15	9	7	0	0	2	1439	0	1	0	0	1	0	198
R847Y	missense	4	0	0	0	0	0	1414	1	0	0	0	0	0	210
R847W	missense	11	1	0	0	0	0	501	14	0	0	4	2	3	866
R847_	nonsense	0	0	0	1	0	0	2609	0	0	0	0	0	0	848
D848E	missense	154	331	2	176	318	126	1173	77	4	4	1	49	1	1044
D848D	silent	56	68	48	63	63	1	753	1374	673	1838	355	188	31	1200
D848R	missense	0	0	0	0	0	0	3074	0	0	0	0	0	0	4917
D848K	missense	3	0	1	0	0	0	1019	0	0	0	0	0	0	1323
D848H	missense	0	0	0	0	0	0	2039	0	0	0	0	0	0	370
D848Q	missense	0	0	0	0	0	0	772	0	0	0	1	0	0	818
D848N	missense	0	0	0	0	0	0	504	0	0	2	0	0	0	1131
D848S	missense	0	0	0	0	0	0	3658	2	0	0	0	0	0	3337
D848T	missense	0	0	0	0	0	0	1738	0	0	1	0	0	0	2266
D848P	missense	0	0	0	0	0	0	2358	0	0	0	0	0	0	1781
D848G	missense	0	1	0	0	0	0	2470	0	0	0	0	0	0	3217
D848C	missense	0	0	0	0	0	0	1076	0	0	0	0	0	0	1107
D848A	missense	0	0	0	0	0	0	2259	0	0	0	0	0	0	1314
D848V	missense	0	0	0	0	0	0	2131	0	0	0	0	0	0	3285
D848I	missense	0	0	0	0	0	0	1129	0	0	0	0	0	0	1243
D848L	missense	0	0	0	0	0	0	5121	0	0	1	0	0	0	3930
D848M	missense	0	0	0	0	0	0	1960	0	0	0	0	0	0	1791
D848F	missense	0	0	0	0	0	0	1340	0	0	0	0	0	0	1597
D848Y	missense	0	0	1	0	0	0	1782	0	0	0	0	0	0	643
D848W	missense	0	0	0	0	0	0	894	0	0	0	0	0	0	1285
D848_	nonsense	0	2	0	0	0	0	2635	0	0	0	0	0	0	1218
L849E	missense	0	0	1	1	1	0	1023	1	10	15	6	29	0	681
L849D	missense	2	0	0	0	0	0	1013	15	14	1	1	0	0	825
L849R	missense	17	25	3	177	218	0	3240	35	41	11	315	251	0	2869
L849K	missense	0	0	0	0	0	0	601	0	0	0	0	0	0	998
L849H	missense	0	2	0	0	1	0	667	0	0	1	0	0	0	458
L849Q	missense	25	10	34	17	5	2	689	1	1	0	0	3	0	1922
L849N	missense	32	21	0	10	9	2	1424	3	1	1	1	0	0	998
L849S	missense	188	65	30	421	575	42	3180	196	277	54	440	1574	5	2950
L849T	missense	4	5	2	2	3	0	763	121	615	1212	107	259	32	2700
L849P	missense	68	22	0	9	14	0	956	43	64	52	78	357	0	2947
L849G	missense	66	33	3	58	49	4	3007	21	48	17	121	210	0	2092
L849C	missense	51	72	2	992	1001	0	1984	128	90	20	1596	1184	0	2468
L849A	missense	96	243	15	343	764	45	2546	9187	15475	24096	26146	95232	2829	2462
L849V	missense	4961	776	9491	1690	1343	183	4127	530	20233	23838	1929	1380	98	2801
L849I	missense	2	2	0	4	3	0	557	1194	5698	7361	371	349	54	758
L849L	silent	4534	10200	8796	3398	2781	159	2856	509	927	4289	2320	2027	13	3364
L849M	missense	431	331	1805	454	932	28	1498	9	36	23	11	13	0	592
L849F	missense	18	32	5	231	209	1	820	25	242	19	263	175	0	768
L849Y	missense	0	5	0	1	0	0	1297	0	2	0	0	0	0	1055
L849W	missense	6737	8211	1035	239554	190209	4845	1111	19027	17815	7472	504630	306573	4736	2207
L849_	nonsense	1	3	0	23	37	0	2055	5	8	4	69	50	0	524
I850E	missense	3441	3671	3482	5590	22352	1729	1725	54	8	3	9	19	2	1310
I850D	missense	1038	191	1227	256	520	51	1153	34	7	13	54	60	3	826
I850R	missense	5434	438	276	1606	780	69	2278	4853	1376	1269	156	304	12	4006
I850K	missense	11	15	19	30	101	0	678	1023	7051	1926	665	362	22	469
I850H	missense	978	2148	1397	190	36	4	1054	41	7	0	16	69	8	556
I850Q	missense	9	2	4	19	28	22	500	27	31	2	4	20	0	580
I850N	missense	420	1910	3590	4607	2799	113	1368	49	64	38	12	14	0	408
I850S	missense	9804	9002	5739	5797	3605	352	3022	218	443	46	75	113	14	1491
I850T	missense	2374	8965	9750	2199	1692	228	2017	20948	10585	28267	4712	4554	404	2442
I850P	missense	17	35	23	690	657	20	356	7172	5460	367	567	624	48	1983
I850G	missense	10120	8575	14285	8675	6685	519	1640	205	2	6	118	483	4	2842
I850C	missense	4	10	6	4	1	0	706	5	1	0	2	2	0	1191
I850A	missense	1354	963	3896	1183	699	67	1059	4874	517	8753	134	435	14	1951
I850V	missense	9912	10504	24351	3292	2919	361	2737	88	14	142	4	11	2	1144
I850I	silent	6046	3701	6993	1604	1219	175	1082	492	367	374	81	123	0	924
I850L	missense	291	2345	1198	401	164	16	2547	436	140	673	107	82	17	1821
I850M	missense	217	176	385	142	229	7	931	672	5166	7124	79	138	22	629
I850F	missense	3	34	18	5	11	0	717	21	4	3	7	2	0	1731
I850Y	missense	8	1	3	10	6	0	769	1	2	0	0	0	0	715
I850W	missense	58	29	18	36	48	0	573	5	3	0	0	1	0	579
I850_	nonsense	10	13	4	14	57	0	1116	5	2	1	0	0	0	122
C851E	missense	0	0	0	0	0	0	980	0	0	0	0	0	0	388
C851D	missense	0	0	0	0	0	0	1520	0	0	0	0	0	0	1241
C851R	missense	1	0	0	0	0	0	2191	0	0	0	0	0	0	3014
C851K	missense	0	0	0	0	0	0	0	0	0	0	0	0	0	91
C851H	missense	0	0	0	0	0	0	369	0	0	0	0	0	0	396
C851Q	missense	0	0	0	0	0	0	993	0	0	0	0	0	0	1008
C851N	missense	0	0	0	0	0	0	705	0	0	0	0	0	0	504
C851S	missense	0	0	0	0	0	0	2657	0	0	2	0	0	0	3161
C851T	missense	0	0	0	0	0	0	1430	0	0	0	0	0	0	781
C851P	missense	0	0	0	0	0	0	1100	0	0	0	0	0	0	1068
C851G	missense	0	0	0	0	0	0	3943	0	0	0	0	0	0	2939
C851C	silent	4388	32	999	162	89	14	758	30	32	21	7	23	0	1483
C851A	missense	0	0	0	0	0	0	553	0	0	0	0	0	0	1160
C851V	missense	0	0	0	0	0	0	977	0	0	0	0	0	0	3031
C851I	missense	0	0	0	0	0	0	421	0	0	0	0	0	0	541
C851L	missense	0	0	0	0	0	0	2470	0	0	1	0	0	0	3016
C851M	missense	0	0	0	0	0	0	352	0	0	0	0	0	0	260
C851F	missense	1	0	0	0	0	0	561	0	0	0	0	0	0	409
C851Y	missense	0	0	0	0	0	0	1040	0	0	2	0	0	0	652
C851W	missense	0	2	0	0	1	0	1810	0	0	2	1	0	0	1850
C851_	nonsense	0	0	0	0	0	0	436	0	0	0	0	0	0	470
A852E	missense	41	29	210	13	16	0	1121	39	22	38	1	12	2	702
A852D	missense	8	1	10	0	0	0	709	112	33	13	12	17	4	2042
A852R	missense	11631	1820	23857	1839	734	113	7695	13303	15864	16930	402	325	48	2413
A852K	missense	672	1055	3047	1303	549	44	1606	8	18	13	2	11	1	1170
A852H	missense	611	977	834	38	24	7	547	80	299	47	24	15	5	709
A852Q	missense	10845	7197	28717	2114	2970	553	491	2343	1097	3115	855	2619	133	641
A852N	missense	7	7	5	3	0	0	428	1212	1955	2858	1163	3010	129	392
A852S	missense	35	4	24	58	1	3	2417	705	1375	5427	77	129	14	2959
A852T	missense	40	42	2211	79	113	10	1929	57	307	4487	73	36	9	1279
A852P	missense	76	38	164	9	17	0	2341	35	20	30	0	3	1	1463
A852G	missense	588	2	179	37	10	4	2194	5242	3370	2971	149	94	14	4501
A852C	missense	5	0	6	1	0	0	503	8	4	4	0	0	0	559
A852A	silent	382	565	1488	11	51	15	3134	2587	46	117	8	45	0	924
A852V	missense	91	27	26	41	8	5	2224	786	136	148	65	39	0	3736
A852I	missense	3	0	2	1	0	0	344	20	4	4	31	7	0	552
A852L	missense	69	36	39	148	287	19	2285	140	427	23	105	155	3	4184
A852M	missense	2018	668	4285	222	134	29	2100	46	9	5	2	25	7	564
A852F	missense	9	3	1	0	1	0	1563	0	0	0	0	0	0	1092
A852Y	missense	871	0	1	9	6	0	1482	2	6	2	2	4	0	687
A852W	missense	7	0	5	0	2	1	2809	2	7	5	0	0	0	847
A852_	nonsense	4	6	26	1	3	0	1611	3	2	1	0	2	0	971
Q853E	missense	1926	3372	5265	469	650	244	1190	7	12	17	1	0	1	404
Q853D	missense	141	113	23	164	96	1	931	69	76	13	42	20	0	341
Q853R	missense	62958	43377	60662	34168	15334	1261	5088	6513	9480	6188	2008	1052	57	2786
Q853K	missense	69	1723	67	506	189	6	2131	1255	6688	7251	2248	1484	71	899
Q853H	missense	730	938	350	1007	622	0	702	414	375	229	231	124	0	529
Q853Q	silent	615	509	403	417	217	0	561	414	3340	3054	361	130	18	1015
Q853N	missense	49329	52425	28387	346968	169219	4409	907	30930	38260	24045	92574	30080	756	1403
Q853S	missense	8528	23202	8456	3317	1962	185	3424	28639	14116	30315	5614	2099	305	1780
Q853T	missense	92	77	165	180	233	27	2154	165	97	68	197	70	4	924
Q853P	missense	111	97	60	49	37	0	1156	419	598	139	154	85	5	453
Q853G	missense	6476	1685	1729	1480	639	66	1764	81	392	105	33	96	3	2057
Q853C	missense	25	21	15	7	5	0	1361	62	59	50	9	6	0	1399
Q853A	missense	1093	1351	3614	2683	925	241	1023	98	49	33	18	37	5	999
Q853V	missense	23	16	15	10	6	1	1761	230	152	978	65	59	5	994
Q853I	missense	3635	359	1374	582	322	83	1160	218	162	58	85	31	1	612
Q853L	missense	19967	14188	18857	5632	2597	535	2487	2675	19227	17740	1909	1111	113	3232
Q853M	missense	8	32	22	18	8	0	590	16570	23843	37779	5038	3972	422	652
Q853F	missense	39	34	23	32	22	0	1065	29930	22013	17216	4350	2913	330	2241
Q853Y	missense	28893	17119	11428	15681	8349	782	267	891	1034	909	210	170	7	1985
Q853W	missense	48	209	53	29	12	0	729	5	23	38	0	3	0	1313
Q853_	nonsense	132	351	259	47	27	0	1640	19	158	189	16	16	0	1380
K854E	missense	105	35	12	22	18	19	2389	121	24	5	4	6	0	1251
K854D	missense	75	31	36	30	45	3	753	91	182	9	20	16	2	1045
K854R	missense	17739	11872	18616	5032	2853	455	5804	258	1578	2530	184	179	18	3484
K854K	silent	217	145	416	79	109	3	1158	124	76	2270	17	25	2	2552
K854H	missense	38	55	20	35	10	5	1556	2	1	0	3	3	0	1082
K854Q	missense	668	474	621	75	123	63	1077	4	17	14	1	4	0	927
K854N	missense	62	81	31	73	59	0	471	110	38	45	112	96	0	1071
K854S	missense	157	222	340	98	76	10	2477	1360	1339	388	345	93	28	4765
K854T	missense	3	13	7	2	2	6	944	1272	73	86	23	139	54	845
K854P	missense	8	220	0	1	3	1	1529	16	27	1	22	8	0	445
K854G	missense	571	122	8	203	75	14	2069	104	10	6	12	30	2	2290
K854C	missense	5	7	4	2	2	0	1487	3	0	0	0	0	1	683
K854A	missense	680	274	779	202	212	58	1678	1707	13	2	5	39	8	1009
K854V	missense	537	5	2	0	3	0	1884	955	33	11	47	8	9	2625
K854I	missense	1	2	0	2	1	0	707	4	2	0	1	0	0	193
K854L	missense	23	9	5	24	43	6	2319	2748	67	187	71	76	14	4441
K854M	missense	25	14	18	9	10	1	1347	73	8	10	3	2	0	963
K854F	missense	100	301	52	101	53	13	1163	15	21	1	3	1	1	1675
K854Y	missense	3637	3087	1936	4452	3536	453	503	2186	2802	4065	2590	2236	180	1115
K854W	missense	2	4	2	0	0	1	598	17	2	1	1	2	2	566
K854_	nonsense	24	25	40	33	38	0	880	70	54	84	16	18	0	2052
F855E	missense	0	1	0	0	0	0	390	0	0	0	0	0	0	399
F855D	missense	0	1	0	0	0	0	246	0	2	0	0	0	0	2174
F855R	missense	1324	3	8	133	7	0	1842	30	19	55	60	36	2	1782
F855K	missense	0	4	1	0	0	0	659	24	2	3	27	0	0	582
F855H	missense	26	120	7	14	4	3	548	0	3	0	0	0	0	874
F855Q	missense	0	407	288	0	0	0	548	0	0	0	0	0	0	140
F855N	missense	0	0	1	0	0	0	267	0	0	0	0	0	0	446
F855S	missense	23	58	1326	19	34	3	2971	0	2	1	0	0	0	2312
F855T	missense	0	0	0	1	0	0	994	3	6	1	1	0	0	1032
F855P	missense	0	0	1	0	0	0	509	0	1	1	0	0	0	771
F855G	missense	3	2	1	0	13	0	710	0	0	1	4	0	0	1052
F855C	missense	42	12	80	0	0	0	1025	0	29	86	0	1	0	606
F855A	missense	0	4	0	0	0	0	340	0	0	0	0	0	0	730
F855V	missense	1	1	1	0	0	0	1739	3	21	0	0	0	0	702
F855I	missense	2	3	22	2	1	0	1079	18	1073	307	1	0	0	838
F855L	missense	74	1277	568	50	17	6	1941	606	905	5062	47	31	12	3123
F855M	missense	22	505	7	6	3	0	1321	2896	32586	16601	363	236	19	1635
F855F	silent	5599	7684	8776	601	291	91	1987	28	134	1188	10	97	3	739
F855Y	missense	0	3	2	0	0	0	1387	8	0	226	0	0	0	989
F855W	missense	5856	1694	3521	204	116	23	1810	30	4787	4495	7	24	11	720
F855_	nonsense	3	4	2	0	0	0	444	0	1	2	0	1	0	324
WT	WT	63443	51108	98148	71980	95375	4687	29676	59437	75317	98858	14097	27638	1158	26745
